村志代码 Gazetteer Code,村志书名 Gazetteer Title,Category,Is the data available?,Start Year,End Year,Data
0001,太平店村志,男性结扎 Vasectomies,No,n/a,n/a,n/a
0001,太平店村志,女性结扎 Tubal Ligations,No,n/a,n/a,n/a
0001,太平店村志,上环 Use of Intrauterine Device (IUD),No,n/a,n/a,n/a
0001,太平店村志,绝育手术 Sterilization Surgeries,No,n/a,n/a,n/a
0001,太平店村志,节育率 (%) Rate of Contraception (%),No,n/a,n/a,n/a
0001,太平店村志,结扎总数 Total Number of Vasectomies and Tubal Ligations,No,n/a,n/a,n/a
0001,太平店村志,人工流产 Abortions,No,n/a,n/a,n/a
0001,太平店村志,计划生育参与率 Family Planning Program Participation Rate (%),No,n/a,n/a,n/a
0001,太平店村志,领取独生子女证 (人数) Certified Commitment to One Child Policy (number of people),No,n/a,n/a,n/a
0001,太平店村志,育龄妇女人口 Number of Women of Childbearing Age,No,n/a,n/a,n/a
0002,叶店村志,男性结扎 Vasectomies,No,n/a,n/a,n/a
0002,叶店村志,女性结扎 Tubal Ligations,No,n/a,n/a,n/a
0002,叶店村志,上环 Use of Intrauterine Device (IUD),No,n/a,n/a,n/a
0002,叶店村志,绝育手术 Sterilization Surgeries,No,n/a,n/a,n/a
0002,叶店村志,育龄妇女人口 Number of Women of Childbearing Age,No,n/a,n/a,n/a
0002,叶店村志,节育率 (%) Rate of Contraception (%),No,n/a,n/a,n/a
0002,叶店村志,结扎总数 Total Number of Vasectomies and Tubal Ligations,No,n/a,n/a,n/a
0002,叶店村志,人工流产 Abortions,No,n/a,n/a,n/a
0002,叶店村志,计划生育参与率 Family Planning Program Participation Rate (%),No,n/a,n/a,n/a
0002,叶店村志,领取独生子女证 (人数) Certified Commitment to One Child Policy (number of people),No,n/a,n/a,n/a
0003,马鞭田村志,计划生育参与率 Family Planning Program Participation Rate (%),Yes,2000,2010,100
0003,马鞭田村志,育龄妇女人口 Number of Women of Childbearing Age,No,n/a,n/a,n/a
0003,马鞭田村志,男性结扎 Vasectomies,No,n/a,n/a,n/a
0003,马鞭田村志,女性结扎 Tubal Ligations,No,n/a,n/a,n/a
0003,马鞭田村志,上环 Use of Intrauterine Device (IUD),No,n/a,n/a,n/a
0003,马鞭田村志,绝育手术 Sterilization Surgeries,No,n/a,n/a,n/a
0003,马鞭田村志,节育率 (%) Rate of Contraception (%),No,n/a,n/a,n/a
0003,马鞭田村志,结扎总数 Total Number of Vasectomies and Tubal Ligations,No,n/a,n/a,n/a
0003,马鞭田村志,人工流产 Abortions,No,n/a,n/a,n/a
0003,马鞭田村志,领取独生子女证 (人数) Certified Commitment to One Child Policy (number of people),No,n/a,n/a,n/a
0004,万秀村志,育龄妇女人口 Number of Women of Childbearing Age,No,n/a,n/a,n/a
0004,万秀村志,男性结扎 Vasectomies,No,n/a,n/a,n/a
0004,万秀村志,女性结扎 Tubal Ligations,No,n/a,n/a,n/a
0004,万秀村志,上环 Use of Intrauterine Device (IUD),No,n/a,n/a,n/a
0004,万秀村志,绝育手术 Sterilization Surgeries,No,n/a,n/a,n/a
0004,万秀村志,节育率 (%) Rate of Contraception (%),No,n/a,n/a,n/a
0004,万秀村志,结扎总数 Total Number of Vasectomies and Tubal Ligations,No,n/a,n/a,n/a
0004,万秀村志,人工流产 Abortions,No,n/a,n/a,n/a
0004,万秀村志,计划生育参与率 Family Planning Program Participation Rate (%),No,n/a,n/a,n/a
0004,万秀村志,领取独生子女证 (人数) Certified Commitment to One Child Policy (number of people),No,n/a,n/a,n/a
0005,光淀村志,育龄妇女人口 Number of Women of Childbearing Age,No,n/a,n/a,n/a
0005,光淀村志,男性结扎 Vasectomies,No,n/a,n/a,n/a
0005,光淀村志,女性结扎 Tubal Ligations,No,n/a,n/a,n/a
0005,光淀村志,上环 Use of Intrauterine Device (IUD),No,n/a,n/a,n/a
0005,光淀村志,绝育手术 Sterilization Surgeries,No,n/a,n/a,n/a
0005,光淀村志,节育率 (%) Rate of Contraception (%),No,n/a,n/a,n/a
0005,光淀村志,结扎总数 Total Number of Vasectomies and Tubal Ligations,No,n/a,n/a,n/a
0005,光淀村志,人工流产 Abortions,No,n/a,n/a,n/a
0005,光淀村志,计划生育参与率 Family Planning Program Participation Rate (%),No,n/a,n/a,n/a
0005,光淀村志,领取独生子女证 (人数) Certified Commitment to One Child Policy (number of people),No,n/a,n/a,n/a
0006,方等村志,育龄妇女人口 Number of Women of Childbearing Age,No,n/a,n/a,n/a
0006,方等村志,男性结扎 Vasectomies,No,n/a,n/a,n/a
0006,方等村志,女性结扎 Tubal Ligations,No,n/a,n/a,n/a
0006,方等村志,上环 Use of Intrauterine Device (IUD),No,n/a,n/a,n/a
0006,方等村志,绝育手术 Sterilization Surgeries,No,n/a,n/a,n/a
0006,方等村志,节育率 (%) Rate of Contraception (%),No,n/a,n/a,n/a
0006,方等村志,结扎总数 Total Number of Vasectomies and Tubal Ligations,No,n/a,n/a,n/a
0006,方等村志,人工流产 Abortions,No,n/a,n/a,n/a
0006,方等村志,计划生育参与率 Family Planning Program Participation Rate (%),No,n/a,n/a,n/a
0006,方等村志,领取独生子女证 (人数) Certified Commitment to One Child Policy (number of people),No,n/a,n/a,n/a
0007,渔津洼村志,育龄妇女人口 Number of Women of Childbearing Age,No,n/a,n/a,n/a
0007,渔津洼村志,男性结扎 Vasectomies,No,n/a,n/a,n/a
0007,渔津洼村志,女性结扎 Tubal Ligations,No,n/a,n/a,n/a
0007,渔津洼村志,上环 Use of Intrauterine Device (IUD),No,n/a,n/a,n/a
0007,渔津洼村志,绝育手术 Sterilization Surgeries,Yes,1977,1994,209
0007,渔津洼村志,节育率 (%) Rate of Contraception (%),No,n/a,n/a,n/a
0007,渔津洼村志,结扎总数 Total Number of Vasectomies and Tubal Ligations,No,n/a,n/a,n/a
0007,渔津洼村志,人工流产 Abortions,No,n/a,n/a,n/a
0007,渔津洼村志,计划生育参与率 Family Planning Program Participation Rate (%),No,n/a,n/a,n/a
0007,渔津洼村志,领取独生子女证 (人数) Certified Commitment to One Child Policy (number of people),No,n/a,n/a,n/a
0008,板板桥村志,育龄妇女人口 Number of Women of Childbearing Age,No,n/a,n/a,n/a
0008,板板桥村志,男性结扎 Vasectomies,No,n/a,n/a,n/a
0008,板板桥村志,女性结扎 Tubal Ligations,No,n/a,n/a,n/a
0008,板板桥村志,上环 Use of Intrauterine Device (IUD),No,n/a,n/a,n/a
0008,板板桥村志,绝育手术 Sterilization Surgeries,No,n/a,n/a,n/a
0008,板板桥村志,节育率 (%) Rate of Contraception (%),No,n/a,n/a,n/a
0008,板板桥村志,结扎总数 Total Number of Vasectomies and Tubal Ligations,No,n/a,n/a,n/a
0008,板板桥村志,人工流产 Abortions,No,n/a,n/a,n/a
0008,板板桥村志,计划生育参与率 Family Planning Program Participation Rate (%),No,n/a,n/a,n/a
0008,板板桥村志,领取独生子女证 (人数) Certified Commitment to One Child Policy (number of people),No,n/a,n/a,n/a
0009,仓上村志,育龄妇女人口 Number of Women of Childbearing Age,No,n/a,n/a,n/a
0009,仓上村志,男性结扎 Vasectomies,No,n/a,n/a,n/a
0009,仓上村志,女性结扎 Tubal Ligations,No,n/a,n/a,n/a
0009,仓上村志,上环 Use of Intrauterine Device (IUD),No,n/a,n/a,n/a
0009,仓上村志,绝育手术 Sterilization Surgeries,No,n/a,n/a,n/a
0009,仓上村志,节育率 (%) Rate of Contraception (%),No,n/a,n/a,n/a
0009,仓上村志,结扎总数 Total Number of Vasectomies and Tubal Ligations,No,n/a,n/a,n/a
0009,仓上村志,人工流产 Abortions,No,n/a,n/a,n/a
0009,仓上村志,计划生育参与率 Family Planning Program Participation Rate (%),No,n/a,n/a,n/a
0009,仓上村志,领取独生子女证 (人数) Certified Commitment to One Child Policy (number of people),No,n/a,n/a,n/a
0010,草场地村志,育龄妇女人口 Number of Women of Childbearing Age,No,n/a,n/a,n/a
0010,草场地村志,男性结扎 Vasectomies,No,n/a,n/a,n/a
0010,草场地村志,女性结扎 Tubal Ligations,No,n/a,n/a,n/a
0010,草场地村志,上环 Use of Intrauterine Device (IUD),No,n/a,n/a,n/a
0010,草场地村志,绝育手术 Sterilization Surgeries,No,n/a,n/a,n/a
0010,草场地村志,节育率 (%) Rate of Contraception (%),No,n/a,n/a,n/a
0010,草场地村志,结扎总数 Total Number of Vasectomies and Tubal Ligations,No,n/a,n/a,n/a
0010,草场地村志,人工流产 Abortions,No,n/a,n/a,n/a
0010,草场地村志,计划生育参与率 Family Planning Program Participation Rate (%),No,n/a,n/a,n/a
0010,草场地村志,领取独生子女证 (人数) Certified Commitment to One Child Policy (number of people),No,n/a,n/a,n/a
0011,东莞市常平镇桥梓村志,育龄妇女人口 Number of Women of Childbearing Age,No,n/a,n/a,n/a
0011,东莞市常平镇桥梓村志,男性结扎 Vasectomies,No,n/a,n/a,n/a
0011,东莞市常平镇桥梓村志,女性结扎 Tubal Ligations,No,n/a,n/a,n/a
0011,东莞市常平镇桥梓村志,上环 Use of Intrauterine Device (IUD),No,n/a,n/a,n/a
0011,东莞市常平镇桥梓村志,绝育手术 Sterilization Surgeries,No,n/a,n/a,n/a
0011,东莞市常平镇桥梓村志,节育率 (%) Rate of Contraception (%),No,n/a,n/a,n/a
0011,东莞市常平镇桥梓村志,结扎总数 Total Number of Vasectomies and Tubal Ligations,No,n/a,n/a,n/a
0011,桥梓村志,人工流产 Abortions,No,n/a,n/a,n/a
0011,东莞市常平镇桥梓村志,计划生育参与率 Family Planning Program Participation Rate (%),No,n/a,n/a,n/a
0011,东莞市常平镇桥梓村志,领取独生子女证 (人数) Certified Commitment to One Child Policy (number of people),No,n/a,n/a,n/a
0012,东候坊村志,育龄妇女人口 Number of Women of Childbearing Age,No,n/a,n/a,n/a
0012,东候坊村志,男性结扎 Vasectomies,No,n/a,n/a,n/a
0012,东候坊村志,女性结扎 Tubal Ligations,No,n/a,n/a,n/a
0012,东候坊村志,上环 Use of Intrauterine Device (IUD),No,n/a,n/a,n/a
0012,东候坊村志,绝育手术 Sterilization Surgeries,No,n/a,n/a,n/a
0012,东候坊村志,节育率 (%) Rate of Contraception (%),No,n/a,n/a,n/a
0012,东候坊村志,结扎总数 Total Number of Vasectomies and Tubal Ligations,No,n/a,n/a,n/a
0012,东候坊村志,人工流产 Abortions,No,n/a,n/a,n/a
0012,东候坊村志,计划生育参与率 Family Planning Program Participation Rate (%),No,n/a,n/a,n/a
0012,东候坊村志,领取独生子女证 (人数) Certified Commitment to One Child Policy (number of people),No,n/a,n/a,n/a
0013,黄土岗村志,育龄妇女人口 Number of Women of Childbearing Age,No,n/a,n/a,n/a
0013,黄土岗村志,男性结扎 Vasectomies,No,n/a,n/a,n/a
0013,黄土岗村志,女性结扎 Tubal Ligations,No,n/a,n/a,n/a
0013,黄土岗村志,绝育手术 Sterilization Surgeries,No,n/a,n/a,n/a
0013,黄土岗村志,上环 Use of Intrauterine Device (IUD),No,n/a,n/a,n/a
0013,黄土岗村志,节育率 (%) Rate of Contraception (%),No,n/a,n/a,n/a
0013,黄土岗村志,结扎总数 Total Number of Vasectomies and Tubal Ligations,No,n/a,n/a,n/a
0013,黄土岗村志,人工流产 Abortions,No,n/a,n/a,n/a
0013,黄土岗村志,计划生育参与率 Family Planning Program Participation Rate (%),No,n/a,n/a,n/a
0013,黄土岗村志,领取独生子女证 (人数) Certified Commitment to One Child Policy (number of people),No,n/a,n/a,n/a
0015,三合村志,育龄妇女人口 Number of Women of Childbearing Age,No,n/a,n/a,n/a
0015,三合村志,男性结扎 Vasectomies,No,n/a,n/a,n/a
0015,三合村志,女性结扎 Tubal Ligations,No,n/a,n/a,n/a
0015,三合村志,上环 Use of Intrauterine Device (IUD),No,n/a,n/a,n/a
0015,三合村志,绝育手术 Sterilization Surgeries,No,n/a,n/a,n/a
0015,三合村志,节育率 (%) Rate of Contraception (%),No,n/a,n/a,n/a
0015,三合村志,结扎总数 Total Number of Vasectomies and Tubal Ligations,No,n/a,n/a,n/a
0015,人工流产,人工流产 Abortions,No,n/a,n/a,n/a
0015,三合村志,计划生育参与率 Family Planning Program Participation Rate (%),No,n/a,n/a,n/a
0015,三合村志,领取独生子女证 (人数) Certified Commitment to One Child Policy (number of people),No,n/a,n/a,n/a
0016,上海林村志,育龄妇女人口 Number of Women of Childbearing Age,No,n/a,n/a,n/a
0016,上海林村志,男性结扎 Vasectomies,No,n/a,n/a,n/a
0016,上海林村志,女性结扎 Tubal Ligations,No,n/a,n/a,n/a
0016,上海林村志,上环 Use of Intrauterine Device (IUD),No,n/a,n/a,n/a
0016,上海林村志,绝育手术 Sterilization Surgeries,No,n/a,n/a,n/a
0016,上梅林村志,节育率 (%) Rate of Contraception (%),No,n/a,n/a,n/a
0016,上梅林村志,结扎总数 Total Number of Vasectomies and Tubal Ligations,No,n/a,n/a,n/a
0016,上梅林村志,人工流产 Abortions,No,n/a,n/a,n/a
0016,上海林村志,计划生育参与率 Family Planning Program Participation Rate (%),No,n/a,n/a,n/a
0016,上海林村志,领取独生子女证 (人数) Certified Commitment to One Child Policy (number of people),No,n/a,n/a,n/a
0014,桑耳庄村志,育龄妇女人口 Number of Women of Childbearing Age,No,n/a,n/a,n/a
0014,桑耳庄村志,男性结扎 Vasectomies,No,n/a,n/a,n/a
0014,桑耳庄村志,女性结扎 Tubal Ligations,No,n/a,n/a,n/a
0014,桑耳庄村志,上环 Use of Intrauterine Device (IUD),No,n/a,n/a,n/a
0014,桑耳庄村志,绝育手术 Sterilization Surgeries,No,n/a,n/a,n/a
0014,桑耳庄村志,节育率 (%) Rate of Contraception (%),No,n/a,n/a,n/a
0014,桑耳庄村志,结扎总数 Total Number of Vasectomies and Tubal Ligations,No,n/a,n/a,n/a
0014,桑耳庄村志,人工流产 Abortions,No,n/a,n/a,n/a
0014,桑耳庄村志,计划生育参与率 Family Planning Program Participation Rate (%),No,n/a,n/a,n/a
0014,桑耳庄村志,领取独生子女证 (人数) Certified Commitment to One Child Policy (number of people),No,n/a,n/a,n/a
0017,单家村村志,领取独生子女证 (人数) Certified Commitment to One Child Policy (number of people),No,n/a,n/a,n/a
0017,单家村村志,育龄妇女人口 Number of Women of Childbearing Age,No,n/a,n/a,n/a
0017,单家村村志,男性结扎 Vasectomies,No,n/a,n/a,n/a
0017,单家村村志,女性结扎 Tubal Ligations,No,n/a,n/a,n/a
0017,单家村村志,上环 Use of Intrauterine Device (IUD),No,n/a,n/a,n/a
0017,单家村村志,绝育手术 Sterilization Surgeries,No,n/a,n/a,n/a
0017,单家村村志,结扎总数 Total Number of Vasectomies and Tubal Ligations,No,n/a,n/a,n/a
0017,单家村村志,节育率 (%) Rate of Contraception (%),No,n/a,n/a,n/a
0017,单家村村志,人工流产 Abortions,No,n/a,n/a,n/a
0017,单家村村志,计划生育参与率 Family Planning Program Participation Rate (%),No,n/a,n/a,n/a
0018,生产村志,领取独生子女证 (人数) Certified Commitment to One Child Policy (number of people),No,n/a,n/a,n/a
0018,生产村志,育龄妇女人口 Number of Women of Childbearing Age,No,n/a,n/a,n/a
0018,生产村志,男性结扎 Vasectomies,No,n/a,n/a,n/a
0018,生产村志,女性结扎 Tubal Ligations,No,n/a,n/a,n/a
0018,生产村志,上环 Use of Intrauterine Device (IUD),No,n/a,n/a,n/a
0018,生产村志,绝育手术 Sterilization Surgeries,No,n/a,n/a,n/a
0018,生产村志,结扎总数 Total Number of Vasectomies and Tubal Ligations,No,n/a,n/a,n/a
0018,生产村志,节育率 (%) Rate of Contraception (%),No,n/a,n/a,n/a
0018,生产村志,人工流产 Abortions,No,n/a,n/a,n/a
0018,生产村志,计划生育参与率 Family Planning Program Participation Rate (%),No,n/a,n/a,n/a
0019,树园村志,领取独生子女证 (人数) Certified Commitment to One Child Policy (number of people),No,n/a,n/a,n/a
0019,树园村志,育龄妇女人口 Number of Women of Childbearing Age,No,n/a,n/a,n/a
0019,树园村志,男性结扎 Vasectomies,No,n/a,n/a,n/a
0019,树园村志,女性结扎 Tubal Ligations,No,n/a,n/a,n/a
0019,树园村志,上环 Use of Intrauterine Device (IUD),No,n/a,n/a,n/a
0019,树园村志,绝育手术 Sterilization Surgeries,No,n/a,n/a,n/a
0019,树园村志,结扎总数 Total Number of Vasectomies and Tubal Ligations,No,n/a,n/a,n/a
0019,树园村志,节育率 (%) Rate of Contraception (%),No,n/a,n/a,n/a
0019,树园村志,人工流产 Abortions,No,n/a,n/a,n/a
0019,树园村志,计划生育参与率 Family Planning Program Participation Rate (%),No,n/a,n/a,n/a
0020,西黄村村志,领取独生子女证 (人数) Certified Commitment to One Child Policy (number of people),No,n/a,n/a,n/a
0020,西黄村村志,育龄妇女人口 Number of Women of Childbearing Age,No,n/a,n/a,n/a
0020,西黄村村志,男性结扎 Vasectomies,No,n/a,n/a,n/a
0020,西黄村村志,女性结扎 Tubal Ligations,No,n/a,n/a,n/a
0020,西黄村村志,上环 Use of Intrauterine Device (IUD),No,n/a,n/a,n/a
0020,西黄村村志,绝育手术 Sterilization Surgeries,No,n/a,n/a,n/a
0020,西黄村村志,节育率 (%) Rate of Contraception (%),No,n/a,n/a,n/a
0020,西黄村村志,结扎总数 Total Number of Vasectomies and Tubal Ligations,No,n/a,n/a,n/a
0020,西黄村村志,人工流产 Abortions,No,n/a,n/a,n/a
0020,西黄村村志,计划生育参与率 Family Planning Program Participation Rate (%),No,n/a,n/a,n/a
0023,凤池村志,领取独生子女证 (人数) Certified Commitment to One Child Policy (number of people),No,n/a,n/a,n/a
0023,凤池村志,育龄妇女人口 Number of Women of Childbearing Age,No,n/a,n/a,n/a
0023,凤池村志,男性结扎 Vasectomies,No,n/a,n/a,n/a
0023,凤池村志,女性结扎 Tubal Ligations,No,n/a,n/a,n/a
0023,凤池村志,上环 Use of Intrauterine Device (IUD),No,n/a,n/a,n/a
0023,凤池村志,绝育手术 Sterilization Surgeries,No,n/a,n/a,n/a
0023,凤池村志,节育率 (%) Rate of Contraception (%),No,n/a,n/a,n/a
0023,凤池村志,结扎总数 Total Number of Vasectomies and Tubal Ligations,No,n/a,n/a,n/a
0023,凤池村志,人工流产 Abortions,No,n/a,n/a,n/a
0023,凤池村志,计划生育参与率 Family Planning Program Participation Rate (%),No,n/a,n/a,n/a
0021,张坊村志,领取独生子女证 (人数) Certified Commitment to One Child Policy (number of people),No,n/a,n/a,n/a
0021,张坊村志,育龄妇女人口 Number of Women of Childbearing Age,No,n/a,n/a,n/a
0021,张坊村志,男性结扎 Vasectomies,No,n/a,n/a,n/a
0021,张坊村志,女性结扎 Tubal Ligations,No,n/a,n/a,n/a
0021,张坊村志,上环 Use of Intrauterine Device (IUD),No,n/a,n/a,n/a
0021,张坊村志,绝育手术 Sterilization Surgeries,No,n/a,n/a,n/a
0021,张坊村志,节育率 (%) Rate of Contraception (%),No,n/a,n/a,n/a
0021,张坊村志,结扎总数 Total Number of Vasectomies and Tubal Ligations,No,n/a,n/a,n/a
0021,张坊村志,人工流产 Abortions,No,n/a,n/a,n/a
0021,张坊村志,计划生育参与率 Family Planning Program Participation Rate (%),No,n/a,n/a,n/a
0022,张家圩子村志,领取独生子女证 (人数) Certified Commitment to One Child Policy (number of people),No,n/a,n/a,n/a
0022,张家圩子村志,育龄妇女人口 Number of Women of Childbearing Age,No,n/a,n/a,n/a
0022,张家圩子村志,男性结扎 Vasectomies,No,n/a,n/a,n/a
0022,张家圩子村志,女性结扎 Tubal Ligations,No,n/a,n/a,n/a
0022,张家圩子村志,上环 Use of Intrauterine Device (IUD),No,n/a,n/a,n/a
0022,张家圩子村志,绝育手术 Sterilization Surgeries,No,n/a,n/a,n/a
0022,张家圩子村志,节育率 (%) Rate of Contraception (%),No,n/a,n/a,n/a
0022,张家圩子村志,结扎总数 Total Number of Vasectomies and Tubal Ligations,No,n/a,n/a,n/a
0022,张家圩子村志,人工流产 Abortions,No,n/a,n/a,n/a
0022,张家圩子村志,计划生育参与率 Family Planning Program Participation Rate (%),No,n/a,n/a,n/a
0026,孟莲村志,领取独生子女证 (人数) Certified Commitment to One Child Policy (number of people),No,n/a,n/a,n/a
0026,孟莲村志,育龄妇女人口 Number of Women of Childbearing Age,No,n/a,n/a,n/a
0026,孟莲村志,男性结扎 Vasectomies,No,n/a,n/a,n/a
0026,孟莲村志,女性结扎 Tubal Ligations,No,n/a,n/a,n/a
0026,孟莲村志,上环 Use of Intrauterine Device (IUD),No,n/a,n/a,n/a
0026,孟莲村志,绝育手术 Sterilization Surgeries,No,n/a,n/a,n/a
0026,孟莲村志,节育率 (%) Rate of Contraception (%),No,n/a,n/a,n/a
0026,孟莲村志,结扎总数 Total Number of Vasectomies and Tubal Ligations,No,n/a,n/a,n/a
0026,孟莲村志,人工流产 Abortions,No,n/a,n/a,n/a
0026,孟莲村志,计划生育参与率 Family Planning Program Participation Rate (%),No,n/a,n/a,n/a
0027,马岭村志,领取独生子女证 (人数) Certified Commitment to One Child Policy (number of people),No,n/a,n/a,n/a
0027,马岭村志,育龄妇女人口 Number of Women of Childbearing Age,No,n/a,n/a,n/a
0027,马岭村志,男性结扎 Vasectomies,No,n/a,n/a,n/a
0027,马岭村志,女性结扎 Tubal Ligations,No,n/a,n/a,n/a
0027,马岭村志,上环 Use of Intrauterine Device (IUD),No,n/a,n/a,n/a
0027,马岭村志,绝育手术 Sterilization Surgeries,No,n/a,n/a,n/a
0027,马岭村志,节育率 (%) Rate of Contraception (%),No,n/a,n/a,n/a
0027,马岭村志,结扎总数 Total Number of Vasectomies and Tubal Ligations,No,n/a,n/a,n/a
0027,马岭村志,人工流产 Abortions,No,n/a,n/a,n/a
0027,马岭村志,计划生育参与率 Family Planning Program Participation Rate (%),No,n/a,n/a,n/a
0028,莲塘村志,领取独生子女证 (人数) Certified Commitment to One Child Policy (number of people),No,n/a,n/a,n/a
0028,莲塘村志,育龄妇女人口 Number of Women of Childbearing Age,No,n/a,n/a,n/a
0028,莲塘村志,男性结扎 Vasectomies,No,n/a,n/a,n/a
0028,莲塘村志,女性结扎 Tubal Ligations,No,n/a,n/a,n/a
0028,莲塘村志,上环 Use of Intrauterine Device (IUD),No,n/a,n/a,n/a
0028,莲塘村志,绝育手术 Sterilization Surgeries,No,n/a,n/a,n/a
0028,莲塘村志,节育率 (%) Rate of Contraception (%),No,n/a,n/a,n/a
0028,莲塘村志,结扎总数 Total Number of Vasectomies and Tubal Ligations,No,n/a,n/a,n/a
0028,莲塘村志,人工流产 Abortions,No,n/a,n/a,n/a
0028,莲塘村志,计划生育参与率 Family Planning Program Participation Rate (%),No,n/a,n/a,n/a
0029,刘国忠村志,领取独生子女证 (人数) Certified Commitment to One Child Policy (number of people),No,n/a,n/a,n/a
0029,刘国忠村志,育龄妇女人口 Number of Women of Childbearing Age,No,n/a,n/a,n/a
0029,刘国忠村志,男性结扎 Vasectomies,No,n/a,n/a,n/a
0029,刘国忠村志,女性结扎 Tubal Ligations,No,n/a,n/a,n/a
0029,刘国忠村志,上环 Use of Intrauterine Device (IUD),No,n/a,n/a,n/a
0029,刘国忠村志,绝育手术 Sterilization Surgeries,No,n/a,n/a,n/a
0029,刘国忠村志,节育率 (%) Rate of Contraception (%),No,n/a,n/a,n/a
0029,刘国忠村志,结扎总数 Total Number of Vasectomies and Tubal Ligations,No,n/a,n/a,n/a
0029,刘国忠村志,人工流产 Abortions,No,n/a,n/a,n/a
0029,刘国忠村志,计划生育参与率 Family Planning Program Participation Rate (%),No,n/a,n/a,n/a
0035,洪塘头村志,领取独生子女证 (人数) Certified Commitment to One Child Policy (number of people),No,n/a,n/a,n/a
0035,洪塘头村志,育龄妇女人口 Number of Women of Childbearing Age,No,n/a,n/a,n/a
0035,洪塘头村志,男性结扎 Vasectomies,No,n/a,n/a,n/a
0035,洪塘头村志,女性结扎 Tubal Ligations,No,n/a,n/a,n/a
0035,洪塘头村志,上环 Use of Intrauterine Device (IUD),No,n/a,n/a,n/a
0035,洪塘头村志,绝育手术 Sterilization Surgeries,No,n/a,n/a,n/a
0035,洪塘头村志,节育率 (%) Rate of Contraception (%),No,n/a,n/a,n/a
0035,洪塘头村志,结扎总数 Total Number of Vasectomies and Tubal Ligations,No,n/a,n/a,n/a
0035,洪塘头村志,人工流产 Abortions,No,n/a,n/a,n/a
0035,洪塘头村志,计划生育参与率 Family Planning Program Participation Rate (%),No,n/a,n/a,n/a
0034,胡家村志,领取独生子女证 (人数) Certified Commitment to One Child Policy (number of people),No,n/a,n/a,n/a
0034,胡家村志,育龄妇女人口 Number of Women of Childbearing Age,No,n/a,n/a,n/a
0034,胡家村志,男性结扎 Vasectomies,No,n/a,n/a,n/a
0034,胡家村志,女性结扎 Tubal Ligations,No,n/a,n/a,n/a
0034,胡家村志,上环 Use of Intrauterine Device (IUD),No,n/a,n/a,n/a
0034,胡家村志,绝育手术 Sterilization Surgeries,No,n/a,n/a,n/a
0034,胡家村志,节育率 (%) Rate of Contraception (%),No,n/a,n/a,n/a
0034,胡家村志,结扎总数 Total Number of Vasectomies and Tubal Ligations,No,n/a,n/a,n/a
0034,胡家村志,人工流产 Abortions,No,n/a,n/a,n/a
0034,胡家村志,计划生育参与率 Family Planning Program Participation Rate (%),No,n/a,n/a,n/a
0036,周家巷村志,领取独生子女证 (人数) Certified Commitment to One Child Policy (number of people),No,n/a,n/a,n/a
0036,周家巷村志,育龄妇女人口 Number of Women of Childbearing Age,No,n/a,n/a,n/a
0036,周家巷村志,男性结扎 Vasectomies,No,n/a,n/a,n/a
0036,周家巷村志,女性结扎 Tubal Ligations,No,n/a,n/a,n/a
0036,周家巷村志,上环 Use of Intrauterine Device (IUD),No,n/a,n/a,n/a
0036,周家巷村志,绝育手术 Sterilization Surgeries,No,n/a,n/a,n/a
0036,周家巷村志,节育率 (%) Rate of Contraception (%),No,n/a,n/a,n/a
0036,周家巷村志,结扎总数 Total Number of Vasectomies and Tubal Ligations,No,n/a,n/a,n/a
0036,周家巷村志,人工流产 Abortions,No,n/a,n/a,n/a
0036,周家巷村志,计划生育参与率 Family Planning Program Participation Rate (%),No,n/a,n/a,n/a
0033,见守村志,领取独生子女证 (人数) Certified Commitment to One Child Policy (number of people),No,n/a,n/a,n/a
0033,见守村志,育龄妇女人口 Number of Women of Childbearing Age,No,n/a,n/a,n/a
0033,见守村志,男性结扎 Vasectomies,No,n/a,n/a,n/a
0033,见守村志,女性结扎 Tubal Ligations,No,n/a,n/a,n/a
0033,见守村志,上环 Use of Intrauterine Device (IUD),No,n/a,n/a,n/a
0033,见守村志,绝育手术 Sterilization Surgeries,No,n/a,n/a,n/a
0033,见守村志,节育率 (%) Rate of Contraception (%),No,n/a,n/a,n/a
0033,见守村志,结扎总数 Total Number of Vasectomies and Tubal Ligations,No,n/a,n/a,n/a
0033,见守村志,人工流产 Abortions,No,n/a,n/a,n/a
0033,见守村志,计划生育参与率 Family Planning Program Participation Rate (%),No,n/a,n/a,n/a
0030,管元村志,领取独生子女证 (人数) Certified Commitment to One Child Policy (number of people),No,n/a,n/a,n/a
0030,管元村志,育龄妇女人口 Number of Women of Childbearing Age,No,n/a,n/a,n/a
0030,管元村志,男性结扎 Vasectomies,No,n/a,n/a,n/a
0030,管元村志,女性结扎 Tubal Ligations,No,n/a,n/a,n/a
0030,管元村志,上环 Use of Intrauterine Device (IUD),No,n/a,n/a,n/a
0030,管元村志,绝育手术 Sterilization Surgeries,No,n/a,n/a,n/a
0030,管元村志,节育率 (%) Rate of Contraception (%),No,n/a,n/a,n/a
0030,管元村志,结扎总数 Total Number of Vasectomies and Tubal Ligations,No,n/a,n/a,n/a
0030,管元村志,人工流产 Abortions,No,n/a,n/a,n/a
0030,管元村志,计划生育参与率 Family Planning Program Participation Rate (%),No,n/a,n/a,n/a
0038,梁口村志,领取独生子女证 (人数) Certified Commitment to One Child Policy (number of people),No,n/a,n/a,n/a
0038,梁口村志,育龄妇女人口 Number of Women of Childbearing Age,No,n/a,n/a,n/a
0038,梁口村志,男性结扎 Vasectomies,No,n/a,n/a,n/a
0038,梁口村志,女性结扎 Tubal Ligations,No,n/a,n/a,n/a
0038,梁口村志,上环 Use of Intrauterine Device (IUD),No,n/a,n/a,n/a
0038,梁口村志,绝育手术 Sterilization Surgeries,No,n/a,n/a,n/a
0038,梁口村志﻿,节育率 (%) Rate of Contraception (%),No,n/a,n/a,n/a
0038,梁口村志﻿,结扎总数 Total Number of Vasectomies and Tubal Ligations,No,n/a,n/a,n/a
0038,梁口村志,人工流产 Abortions,No,n/a,n/a,n/a
0038,梁口村志,计划生育参与率 Family Planning Program Participation Rate (%),No,n/a,n/a,n/a
0039,骏马村志,领取独生子女证 (人数) Certified Commitment to One Child Policy (number of people),No,n/a,n/a,n/a
0039,骏马村志,育龄妇女人口 Number of Women of Childbearing Age,No,n/a,n/a,n/a
0039,骏马村志,男性结扎 Vasectomies,No,n/a,n/a,n/a
0039,骏马村志,女性结扎 Tubal Ligations,No,n/a,n/a,n/a
0039,骏马村志,上环 Use of Intrauterine Device (IUD),No,n/a,n/a,n/a
0039,骏马村志,绝育手术 Sterilization Surgeries,No,n/a,n/a,n/a
0039,骏马村志,节育率 (%) Rate of Contraception (%),No,n/a,n/a,n/a
0039,骏马村志,结扎总数 Total Number of Vasectomies and Tubal Ligations,No,n/a,n/a,n/a
0039,骏马村志,人工流产 Abortions,No,n/a,n/a,n/a
0039,骏马村志,计划生育参与率 Family Planning Program Participation Rate (%),No,n/a,n/a,n/a
0025,马头村志,领取独生子女证 (人数) Certified Commitment to One Child Policy (number of people),No,n/a,n/a,n/a
0025,马头村志,育龄妇女人口 Number of Women of Childbearing Age,No,n/a,n/a,n/a
0025,马头村志,男性结扎 Vasectomies,No,n/a,n/a,n/a
0025,马头村志,女性结扎 Tubal Ligations,No,n/a,n/a,n/a
0025,马头村志,上环 Use of Intrauterine Device (IUD),No,n/a,n/a,n/a
0025,马头村志,绝育手术 Sterilization Surgeries,No,n/a,n/a,n/a
0025,马头村志,节育率 (%) Rate of Contraception (%),No,n/a,n/a,n/a
0025,马头村志,结扎总数 Total Number of Vasectomies and Tubal Ligations,No,n/a,n/a,n/a
0025,马头村志,人工流产 Abortions,No,n/a,n/a,n/a
0025,马头村志,计划生育参与率 Family Planning Program Participation Rate (%),No,n/a,n/a,n/a
0032,井亭村志,领取独生子女证 (人数) Certified Commitment to One Child Policy (number of people),No,n/a,n/a,n/a
0032,井亭村志,育龄妇女人口 Number of Women of Childbearing Age,No,n/a,n/a,n/a
0032,井亭村志,男性结扎 Vasectomies,No,n/a,n/a,n/a
0032,井亭村志,女性结扎 Tubal Ligations,No,n/a,n/a,n/a
0032,井亭村志,上环 Use of Intrauterine Device (IUD),No,n/a,n/a,n/a
0032,井亭村志,绝育手术 Sterilization Surgeries,No,n/a,n/a,n/a
0032,井亭村志,节育率 (%) Rate of Contraception (%),No,n/a,n/a,n/a
0032,井亭村志,结扎总数 Total Number of Vasectomies and Tubal Ligations,No,n/a,n/a,n/a
0032,井亭村志,人工流产 Abortions,No,n/a,n/a,n/a
0032,井亭村志,计划生育参与率 Family Planning Program Participation Rate (%),No,n/a,n/a,n/a
0037,联盟村志,领取独生子女证 (人数) Certified Commitment to One Child Policy (number of people),No,n/a,n/a,n/a
0037,联盟村志,育龄妇女人口 Number of Women of Childbearing Age,No,n/a,n/a,n/a
0037,联盟村志,男性结扎 Vasectomies,No,n/a,n/a,n/a
0037,联盟村志,绝育手术 Sterilization Surgeries,No,n/a,n/a,n/a
0037,联盟村志,女性结扎 Tubal Ligations,Yes,1982,1991,436
0037,联盟村志,上环 Use of Intrauterine Device (IUD),Yes,1982,1991,325
0037,联盟村志,节育率 (%) Rate of Contraception (%),No,n/a,n/a,n/a
0037,联盟村志,结扎总数 Total Number of Vasectomies and Tubal Ligations,No,n/a,n/a,n/a
0037,联盟村志,人工流产 Abortions,No,n/a,n/a,n/a
0037,联盟村志,计划生育参与率 Family Planning Program Participation Rate (%),No,n/a,n/a,n/a
0024,楼村志,领取独生子女证 (人数) Certified Commitment to One Child Policy (number of people),No,n/a,n/a,n/a
0024,楼村志,育龄妇女人口 Number of Women of Childbearing Age,No,n/a,n/a,n/a
0024,楼村志,男性结扎 Vasectomies,No,n/a,n/a,n/a
0024,楼村志,女性结扎 Tubal Ligations,No,n/a,n/a,n/a
0024,楼村志,上环 Use of Intrauterine Device (IUD),No,n/a,n/a,n/a
0024,楼村志,绝育手术 Sterilization Surgeries,No,n/a,n/a,n/a
0024,楼村志,节育率 (%) Rate of Contraception (%),No,n/a,n/a,n/a
0024,楼村志,结扎总数 Total Number of Vasectomies and Tubal Ligations,No,n/a,n/a,n/a
0024,楼村志,人工流产 Abortions,No,n/a,n/a,n/a
0024,楼村志,计划生育参与率 Family Planning Program Participation Rate (%),No,n/a,n/a,n/a
0031,南凤山村志,领取独生子女证 (人数) Certified Commitment to One Child Policy (number of people),No,n/a,n/a,n/a
0031,南凤山村志,育龄妇女人口 Number of Women of Childbearing Age,No,n/a,n/a,n/a
0031,南凤山村志,男性结扎 Vasectomies,No,n/a,n/a,n/a
0031,南凤山村志,女性结扎 Tubal Ligations,No,n/a,n/a,n/a
0031,南凤山村志,上环 Use of Intrauterine Device (IUD),No,n/a,n/a,n/a
0031,南凤山村志,绝育手术 Sterilization Surgeries,No,n/a,n/a,n/a
0031,南凤山村志,节育率 (%) Rate of Contraception (%),No,n/a,n/a,n/a
0031,南凤山村志,结扎总数 Total Number of Vasectomies and Tubal Ligations,No,n/a,n/a,n/a
0031,南凤山村志,人工流产 Abortions,No,n/a,n/a,n/a
0031,南凤山村志,计划生育参与率 Family Planning Program Participation Rate (%),No,n/a,n/a,n/a
0044,大吕庄村志,领取独生子女证 (人数) Certified Commitment to One Child Policy (number of people),No,n/a,n/a,n/a
0044,大吕庄村志,育龄妇女人口 Number of Women of Childbearing Age,No,n/a,n/a,n/a
0044,大吕庄村志,男性结扎 Vasectomies,No,n/a,n/a,n/a
0044,大吕庄村志,女性结扎 Tubal Ligations,No,n/a,n/a,n/a
0044,大吕庄村志,上环 Use of Intrauterine Device (IUD),No,n/a,n/a,n/a
0044,大吕庄村志,绝育手术 Sterilization Surgeries,No,n/a,n/a,n/a
0044,大吕庄村志,节育率 (%) Rate of Contraception (%),No,n/a,n/a,n/a
0044,大吕庄村志,结扎总数 Total Number of Vasectomies and Tubal Ligations,No,n/a,n/a,n/a
0044,大吕庄村志,人工流产 Abortions,No,n/a,n/a,n/a
0044,大吕庄村志,计划生育参与率 Family Planning Program Participation Rate (%),No,n/a,n/a,n/a
0041,博潭村志,领取独生子女证 (人数) Certified Commitment to One Child Policy (number of people),No,n/a,n/a,n/a
0041,博潭村志,育龄妇女人口 Number of Women of Childbearing Age,No,n/a,n/a,n/a
0041,博潭村志,男性结扎 Vasectomies,No,n/a,n/a,n/a
0041,博潭村志,女性结扎 Tubal Ligations,No,n/a,n/a,n/a
0041,博潭村志,上环 Use of Intrauterine Device (IUD),Yes,1971,1998,153
0041,博潭村志,绝育手术 Sterilization Surgeries,Yes,1971,1998,365
0041,博潭村志,节育率 (%) Rate of Contraception (%),No,n/a,n/a,n/a
0041,博潭村志,结扎总数 Total Number of Vasectomies and Tubal Ligations,No,n/a,n/a,n/a
0041,博潭村志,人工流产 Abortions,No,n/a,n/a,n/a
0041,博潭村志,计划生育参与率 Family Planning Program Participation Rate (%),No,n/a,n/a,n/a
0045,定安村志,领取独生子女证 (人数) Certified Commitment to One Child Policy (number of people),No,n/a,n/a,n/a
0045,定安村志,育龄妇女人口 Number of Women of Childbearing Age,No,n/a,n/a,n/a
0045,定安村志,男性结扎 Vasectomies,No,n/a,n/a,n/a
0045,定安村志,女性结扎 Tubal Ligations,No,n/a,n/a,n/a
0045,定安村志,上环 Use of Intrauterine Device (IUD),No,n/a,n/a,n/a
0045,定安村志,绝育手术 Sterilization Surgeries,No,n/a,n/a,n/a
0045,定安村志,节育率 (%) Rate of Contraception (%),No,n/a,n/a,n/a
0045,定安村志,结扎总数 Total Number of Vasectomies and Tubal Ligations,No,n/a,n/a,n/a
0045,定安村志,人工流产 Abortions,No,n/a,n/a,n/a
0045,定安村志,计划生育参与率 Family Planning Program Participation Rate (%),No,n/a,n/a,n/a
0047,冯桥村志 ,领取独生子女证 (人数) Certified Commitment to One Child Policy (number of people),No,n/a,n/a,n/a
0047,冯桥村志 ,育龄妇女人口 Number of Women of Childbearing Age,No,n/a,n/a,n/a
0047,冯桥村志 ,男性结扎 Vasectomies,No,n/a,n/a,n/a
0047,冯桥村志 ,女性结扎 Tubal Ligations,No,n/a,n/a,n/a
0047,冯桥村志 ,上环 Use of Intrauterine Device (IUD),No,n/a,n/a,n/a
0047,冯桥村志 ,绝育手术 Sterilization Surgeries,No,n/a,n/a,n/a
0047,冯桥村志,节育率 (%) Rate of Contraception (%),No,n/a,n/a,n/a
0047,冯桥村志,结扎总数 Total Number of Vasectomies and Tubal Ligations,No,n/a,n/a,n/a
0047,冯桥村志,人工流产 Abortions,No,n/a,n/a,n/a
0047,冯桥村志 ,计划生育参与率 Family Planning Program Participation Rate (%),No,n/a,n/a,n/a
0048,小瓦窑村,领取独生子女证 (人数) Certified Commitment to One Child Policy (number of people),No,n/a,n/a,n/a
0048,小瓦窑村,育龄妇女人口 Number of Women of Childbearing Age,No,n/a,n/a,n/a
0048,小瓦窑村,男性结扎 Vasectomies,No,n/a,n/a,n/a
0048,小瓦窑村,女性结扎 Tubal Ligations,No,n/a,n/a,n/a
0048,小瓦窑村,上环 Use of Intrauterine Device (IUD),No,n/a,n/a,n/a
0048,小瓦窑村,绝育手术 Sterilization Surgeries,No,n/a,n/a,n/a
0048,小瓦窑村志,节育率 (%) Rate of Contraception (%),No,n/a,n/a,n/a
0048,小瓦窑村志,结扎总数 Total Number of Vasectomies and Tubal Ligations,No,n/a,n/a,n/a
0048,小瓦窑村志,人工流产 Abortions,No,n/a,n/a,n/a
0048,小瓦窑村,计划生育参与率 Family Planning Program Participation Rate (%),No,n/a,n/a,n/a
0049,富强村志,领取独生子女证 (人数) Certified Commitment to One Child Policy (number of people),No,n/a,n/a,n/a
0049,富强村志,育龄妇女人口 Number of Women of Childbearing Age,No,n/a,n/a,n/a
0049,富强村志,男性结扎 Vasectomies,No,n/a,n/a,n/a
0049,富强村志,女性结扎 Tubal Ligations,No,n/a,n/a,n/a
0049,富强村志,上环 Use of Intrauterine Device (IUD),No,n/a,n/a,n/a
0049,富强村志,绝育手术 Sterilization Surgeries,No,n/a,n/a,n/a
0049,富强村志,节育率 (%) Rate of Contraception (%),No,n/a,n/a,n/a
0049,富强村志,结扎总数 Total Number of Vasectomies and Tubal Ligations,No,n/a,n/a,n/a
0049,富强村志,人工流产 Abortions,No,n/a,n/a,n/a
0049,富强村志,计划生育参与率 Family Planning Program Participation Rate (%),No,n/a,n/a,n/a
0042,新桥村志,领取独生子女证 (人数) Certified Commitment to One Child Policy (number of people),No,n/a,n/a,n/a
0042,新桥村志,育龄妇女人口 Number of Women of Childbearing Age,No,n/a,n/a,n/a
0042,新桥村志,男性结扎 Vasectomies,No,n/a,n/a,n/a
0042,新桥村志,女性结扎 Tubal Ligations,No,n/a,n/a,n/a
0042,新桥村志,上环 Use of Intrauterine Device (IUD),No,n/a,n/a,n/a
0042,新桥村志,绝育手术 Sterilization Surgeries,No,n/a,n/a,n/a
0042,新桥村志,节育率 (%) Rate of Contraception (%),No,n/a,n/a,n/a
0042,新桥村志,结扎总数 Total Number of Vasectomies and Tubal Ligations,No,n/a,n/a,n/a
0042,新桥村志,人工流产 Abortions,No,n/a,n/a,n/a
0042,新桥村志,计划生育参与率 Family Planning Program Participation Rate (%),No,n/a,n/a,n/a
0046,方家村志,领取独生子女证 (人数) Certified Commitment to One Child Policy (number of people),No,n/a,n/a,n/a
0046,方家村志,育龄妇女人口 Number of Women of Childbearing Age,No,n/a,n/a,n/a
0046,方家村志,男性结扎 Vasectomies,No,n/a,n/a,n/a
0046,方家村志,女性结扎 Tubal Ligations,No,n/a,n/a,n/a
0046,方家村志,上环 Use of Intrauterine Device (IUD),No,n/a,n/a,n/a
0046,方家村志,绝育手术 Sterilization Surgeries,No,n/a,n/a,n/a
0046,方家村志,节育率 (%) Rate of Contraception (%),No,n/a,n/a,n/a
0046,方家村志,结扎总数 Total Number of Vasectomies and Tubal Ligations,No,n/a,n/a,n/a
0046,方家村志,人工流产 Abortions,No,n/a,n/a,n/a
0046,方家村志,计划生育参与率 Family Planning Program Participation Rate (%),No,n/a,n/a,n/a
0050,音西村志,领取独生子女证 (人数) Certified Commitment to One Child Policy (number of people),No,n/a,n/a,n/a
0050,音西村志,育龄妇女人口 Number of Women of Childbearing Age,No,n/a,n/a,n/a
0050,音西村志,男性结扎 Vasectomies,No,n/a,n/a,n/a
0050,音西村志,女性结扎 Tubal Ligations,No,n/a,n/a,n/a
0050,音西村志,上环 Use of Intrauterine Device (IUD),No,n/a,n/a,n/a
0050,音西村志,绝育手术 Sterilization Surgeries,No,n/a,n/a,n/a
0050,音西村志,节育率 (%) Rate of Contraception (%),No,n/a,n/a,n/a
0050,音西村志,结扎总数 Total Number of Vasectomies and Tubal Ligations,No,n/a,n/a,n/a
0050,音西村志,人工流产 Abortions,No,n/a,n/a,n/a
0050,音西村志,计划生育参与率 Family Planning Program Participation Rate (%),No,n/a,n/a,n/a
0051, 潭前王村志,领取独生子女证 (人数) Certified Commitment to One Child Policy (number of people),No,n/a,n/a,n/a
0051, 潭前王村志,育龄妇女人口 Number of Women of Childbearing Age,No,n/a,n/a,n/a
0051, 潭前王村志,男性结扎 Vasectomies,No,n/a,n/a,n/a
0051, 潭前王村志,女性结扎 Tubal Ligations,No,n/a,n/a,n/a
0051, 潭前王村志,上环 Use of Intrauterine Device (IUD),No,n/a,n/a,n/a
0051, 潭前王村志,绝育手术 Sterilization Surgeries,No,n/a,n/a,n/a
0051,潭前王村志,节育率 (%) Rate of Contraception (%),No,n/a,n/a,n/a
0051,潭前王村志,结扎总数 Total Number of Vasectomies and Tubal Ligations,No,n/a,n/a,n/a
0051,潭前王村志,人工流产 Abortions,No,n/a,n/a,n/a
0051, 潭前王村志,计划生育参与率 Family Planning Program Participation Rate (%),No,n/a,n/a,n/a
0053,牟家村志,领取独生子女证 (人数) Certified Commitment to One Child Policy (number of people),No,n/a,n/a,n/a
0053,牟家村志,育龄妇女人口 Number of Women of Childbearing Age,No,n/a,n/a,n/a
0053,牟家村志,男性结扎 Vasectomies,No,n/a,n/a,n/a
0053,牟家村志,女性结扎 Tubal Ligations,No,n/a,n/a,n/a
0053,牟家村志,上环 Use of Intrauterine Device (IUD),No,n/a,n/a,n/a
0053,牟家村志,绝育手术 Sterilization Surgeries,No,n/a,n/a,n/a
0053,牟家村志,节育率 (%) Rate of Contraception (%),No,n/a,n/a,n/a
0053,牟家村志,结扎总数 Total Number of Vasectomies and Tubal Ligations,No,n/a,n/a,n/a
0053,牟家村志,人工流产 Abortions,No,n/a,n/a,n/a
0053,牟家村志,计划生育参与率 Family Planning Program Participation Rate (%),No,n/a,n/a,n/a
0054,西官庄村志,领取独生子女证 (人数) Certified Commitment to One Child Policy (number of people),No,n/a,n/a,n/a
0054,西官庄村志,育龄妇女人口 Number of Women of Childbearing Age,No,n/a,n/a,n/a
0054,西官庄村志,男性结扎 Vasectomies,No,n/a,n/a,n/a
0054,西官庄村志,女性结扎 Tubal Ligations,No,n/a,n/a,n/a
0054,西官庄村志,上环 Use of Intrauterine Device (IUD),No,n/a,n/a,n/a
0054,西官庄村志,绝育手术 Sterilization Surgeries,No,n/a,n/a,n/a
0054,西官庄村志,节育率 (%) Rate of Contraception (%),No,n/a,n/a,n/a
0054,西官庄村志,结扎总数 Total Number of Vasectomies and Tubal Ligations,No,n/a,n/a,n/a
0054,西官庄村志,人工流产 Abortions,No,n/a,n/a,n/a
0054,西官庄村志,计划生育参与率 Family Planning Program Participation Rate (%),No,n/a,n/a,n/a
0052,郭家沟村志 ,领取独生子女证 (人数) Certified Commitment to One Child Policy (number of people),No,n/a,n/a,n/a
0052,郭家沟村志 ,育龄妇女人口 Number of Women of Childbearing Age,No,n/a,n/a,n/a
0052,郭家沟村志 ,男性结扎 Vasectomies,No,n/a,n/a,n/a
0052,郭家沟村志 ,女性结扎 Tubal Ligations,No,n/a,n/a,n/a
0052,郭家沟村志 ,上环 Use of Intrauterine Device (IUD),No,n/a,n/a,n/a
0052,郭家沟村志 ,绝育手术 Sterilization Surgeries,No,n/a,n/a,n/a
0052,郭家沟村志,结扎总数 Total Number of Vasectomies and Tubal Ligations,No,n/a,n/a,n/a
0052,郭家沟村志,节育率 (%) Rate of Contraception (%),No,n/a,n/a,n/a
0052,郭家沟村志,人工流产 Abortions,No,n/a,n/a,n/a
0052,郭家沟村志 ,计划生育参与率 Family Planning Program Participation Rate (%),No,n/a,n/a,n/a
0055,西园村志,领取独生子女证 (人数) Certified Commitment to One Child Policy (number of people),No,n/a,n/a,n/a
0055,西园村志,育龄妇女人口 Number of Women of Childbearing Age,No,n/a,n/a,n/a
0055,西园村志,男性结扎 Vasectomies,No,n/a,n/a,n/a
0055,西园村志,女性结扎 Tubal Ligations,No,n/a,n/a,n/a
0055,西园村志,上环 Use of Intrauterine Device (IUD),No,n/a,n/a,n/a
0055,西园村志,绝育手术 Sterilization Surgeries,No,n/a,n/a,n/a
0055,西园村志,结扎总数 Total Number of Vasectomies and Tubal Ligations,No,n/a,n/a,n/a
0055,西园村志,节育率 (%) Rate of Contraception (%),No,n/a,n/a,n/a
0055,西园村志,人工流产 Abortions,No,n/a,n/a,n/a
0055,西园村志,计划生育参与率 Family Planning Program Participation Rate (%),No,n/a,n/a,n/a
0056,沐陂村志,领取独生子女证 (人数) Certified Commitment to One Child Policy (number of people),No,n/a,n/a,n/a
0056,沐陂村志,育龄妇女人口 Number of Women of Childbearing Age,No,n/a,n/a,n/a
0056,沐陂村志,男性结扎 Vasectomies,No,n/a,n/a,n/a
0056,沐陂村志,女性结扎 Tubal Ligations,No,n/a,n/a,n/a
0056,沐陂村志,上环 Use of Intrauterine Device (IUD),No,n/a,n/a,n/a
0056,沐陂村志,绝育手术 Sterilization Surgeries,No,n/a,n/a,n/a
0056,沐陂村志,节育率 (%) Rate of Contraception (%),No,n/a,n/a,n/a
0056,沐陂村志,结扎总数 Total Number of Vasectomies and Tubal Ligations,No,n/a,n/a,n/a
0056,沐陂村志,人工流产 Abortions,No,n/a,n/a,n/a
0056,沐陂村志,计划生育参与率 Family Planning Program Participation Rate (%),No,n/a,n/a,n/a
0057,尧治河村志,领取独生子女证 (人数) Certified Commitment to One Child Policy (number of people),No,n/a,n/a,n/a
0057,尧治河村志,育龄妇女人口 Number of Women of Childbearing Age,No,n/a,n/a,n/a
0057,尧治河村志,男性结扎 Vasectomies,No,n/a,n/a,n/a
0057,尧治河村志,女性结扎 Tubal Ligations,No,n/a,n/a,n/a
0057,尧治河村志,上环 Use of Intrauterine Device (IUD),No,n/a,n/a,n/a
0057,尧治河村志,绝育手术 Sterilization Surgeries,No,n/a,n/a,n/a
0057,尧治河村志,节育率 (%) Rate of Contraception (%),No,n/a,n/a,n/a
0057,尧治河村志,结扎总数 Total Number of Vasectomies and Tubal Ligations,No,n/a,n/a,n/a
0057,尧治河村志,人工流产 Abortions,No,n/a,n/a,n/a
0057,尧治河村志,计划生育参与率 Family Planning Program Participation Rate (%),No,n/a,n/a,n/a
0043,草厂村志,领取独生子女证 (人数) Certified Commitment to One Child Policy (number of people),No,n/a,n/a,n/a
0043,草厂村志,育龄妇女人口 Number of Women of Childbearing Age,No,n/a,n/a,n/a
0043,草厂村志,男性结扎 Vasectomies,No,n/a,n/a,n/a
0043,草厂村志,女性结扎 Tubal Ligations,No,n/a,n/a,n/a
0043,草厂村志,上环 Use of Intrauterine Device (IUD),No,n/a,n/a,n/a
0043,草厂村志,绝育手术 Sterilization Surgeries,No,n/a,n/a,n/a
0043,草厂村志,节育率 (%) Rate of Contraception (%),No,n/a,n/a,n/a
0043,草厂村志,结扎总数 Total Number of Vasectomies and Tubal Ligations,No,n/a,n/a,n/a
0043,草厂村志,人工流产 Abortions,No,n/a,n/a,n/a
0043,草厂村志,计划生育参与率 Family Planning Program Participation Rate (%),No,n/a,n/a,n/a
0058,袁家沟村志,领取独生子女证 (人数) Certified Commitment to One Child Policy (number of people),No,n/a,n/a,n/a
0058,袁家沟村志,育龄妇女人口 Number of Women of Childbearing Age,No,n/a,n/a,n/a
0058,袁家沟村志,男性结扎 Vasectomies,No,n/a,n/a,n/a
0058,袁家沟村志,女性结扎 Tubal Ligations,No,n/a,n/a,n/a
0058,袁家沟村志,上环 Use of Intrauterine Device (IUD),No,n/a,n/a,n/a
0058,袁家沟村志,绝育手术 Sterilization Surgeries,No,n/a,n/a,n/a
0058,袁家沟村志,节育率 (%) Rate of Contraception (%),No,n/a,n/a,n/a
0058,袁家沟村志,结扎总数 Total Number of Vasectomies and Tubal Ligations,No,n/a,n/a,n/a
0058,袁家沟村志,人工流产 Abortions,No,n/a,n/a,n/a
0058,袁家沟村志,计划生育参与率 Family Planning Program Participation Rate (%),No,n/a,n/a,n/a
0063,盘山村志,领取独生子女证 (人数) Certified Commitment to One Child Policy (number of people),No,n/a,n/a,n/a
0063,盘山村志,育龄妇女人口 Number of Women of Childbearing Age,No,n/a,n/a,n/a
0063,盘山村志,男性结扎 Vasectomies,No,n/a,n/a,n/a
0063,盘山村志,女性结扎 Tubal Ligations,No,n/a,n/a,n/a
0063,盘山村志,上环 Use of Intrauterine Device (IUD),No,n/a,n/a,n/a
0063,盘山村志,绝育手术 Sterilization Surgeries,No,n/a,n/a,n/a
0063,盘山村志,节育率 (%) Rate of Contraception (%),No,n/a,n/a,n/a
0063,盘山村志,结扎总数 Total Number of Vasectomies and Tubal Ligations,No,n/a,n/a,n/a
0063,盘山村志,人工流产 Abortions,No,n/a,n/a,n/a
0063,盘山村志,计划生育参与率 Family Planning Program Participation Rate (%),No,n/a,n/a,n/a
0064,三路居村志,领取独生子女证 (人数) Certified Commitment to One Child Policy (number of people),No,n/a,n/a,n/a
0064,三路居村志,育龄妇女人口 Number of Women of Childbearing Age,No,n/a,n/a,n/a
0064,三路居村志,男性结扎 Vasectomies,No,n/a,n/a,n/a
0064,三路居村志,女性结扎 Tubal Ligations,No,n/a,n/a,n/a
0064,三路居村志,上环 Use of Intrauterine Device (IUD),No,n/a,n/a,n/a
0064,三路居村志,绝育手术 Sterilization Surgeries,No,n/a,n/a,n/a
0064,三路居村志,节育率 (%) Rate of Contraception (%),No,n/a,n/a,n/a
0064,三路居村志,结扎总数 Total Number of Vasectomies and Tubal Ligations,No,n/a,n/a,n/a
0064,三路居村志,人工流产 Abortions,No,n/a,n/a,n/a
0064,三路居村志,计划生育参与率 Family Planning Program Participation Rate (%),No,n/a,n/a,n/a
0059,云水村志,领取独生子女证 (人数) Certified Commitment to One Child Policy (number of people),No,n/a,n/a,n/a
0059,云水村志,育龄妇女人口 Number of Women of Childbearing Age,No,n/a,n/a,n/a
0059,云水村志,男性结扎 Vasectomies,No,n/a,n/a,n/a
0059,云水村志,女性结扎 Tubal Ligations,No,n/a,n/a,n/a
0059,云水村志,上环 Use of Intrauterine Device (IUD),No,n/a,n/a,n/a
0059,云水村志,绝育手术 Sterilization Surgeries,No,n/a,n/a,n/a
0059,云水村志																					,节育率 (%) Rate of Contraception (%),No,n/a,n/a,n/a
0059,云水村志,结扎总数 Total Number of Vasectomies and Tubal Ligations,No,n/a,n/a,n/a
0059,云水村志,人工流产 Abortions,No,n/a,n/a,n/a
0059,云水村志,计划生育参与率 Family Planning Program Participation Rate (%),No,n/a,n/a,n/a
0060,平地村志,领取独生子女证 (人数) Certified Commitment to One Child Policy (number of people),No,n/a,n/a,n/a
0060,平地村志,育龄妇女人口 Number of Women of Childbearing Age,No,n/a,n/a,n/a
0060,平地村志,男性结扎 Vasectomies,No,n/a,n/a,n/a
0060,平地村志,女性结扎 Tubal Ligations,No,n/a,n/a,n/a
0060,平地村志,上环 Use of Intrauterine Device (IUD),No,n/a,n/a,n/a
0060,平地村志,绝育手术 Sterilization Surgeries,No,n/a,n/a,n/a
0060,平地村志,节育率 (%) Rate of Contraception (%),No,n/a,n/a,n/a
0060,平地村志,结扎总数 Total Number of Vasectomies and Tubal Ligations,No,n/a,n/a,n/a
0060,平地村志,人工流产 Abortions,No,n/a,n/a,n/a
0060,平地村志,计划生育参与率 Family Planning Program Participation Rate (%),No,n/a,n/a,n/a
0061,西高庄村志,领取独生子女证 (人数) Certified Commitment to One Child Policy (number of people),No,n/a,n/a,n/a
0061,西高庄村志,育龄妇女人口 Number of Women of Childbearing Age,No,n/a,n/a,n/a
0061,西高庄村志,男性结扎 Vasectomies,No,n/a,n/a,n/a
0061,西高庄村志,女性结扎 Tubal Ligations,No,n/a,n/a,n/a
0061,西高庄村志,上环 Use of Intrauterine Device (IUD),No,n/a,n/a,n/a
0061,西高庄村志,绝育手术 Sterilization Surgeries,No,n/a,n/a,n/a
0061,西高庄村志,节育率 (%) Rate of Contraception (%),No,n/a,n/a,n/a
0061,西高庄村志,结扎总数 Total Number of Vasectomies and Tubal Ligations,No,n/a,n/a,n/a
0061,西高庄村志,人工流产 Abortions,No,n/a,n/a,n/a
0061,西高庄村志,计划生育参与率 Family Planning Program Participation Rate (%),No,n/a,n/a,n/a
0067,西洞头村志,领取独生子女证 (人数) Certified Commitment to One Child Policy (number of people),No,n/a,n/a,n/a
0067,西洞头村志,育龄妇女人口 Number of Women of Childbearing Age,Yes,2001,2005,130
0067,西洞头村志,男性结扎 Vasectomies,No,n/a,n/a,n/a
0067,西洞头村志,女性结扎 Tubal Ligations,No,n/a,n/a,n/a
0067,西洞头村志,上环 Use of Intrauterine Device (IUD),No,n/a,n/a,n/a
0067,西洞头村志,绝育手术 Sterilization Surgeries,No,n/a,n/a,n/a
0067,西洞头村志,节育率 (%) Rate of Contraception (%),No,n/a,n/a,n/a
0067,西洞头村志,结扎总数 Total Number of Vasectomies and Tubal Ligations,No,n/a,n/a,n/a
0067,西洞头村志,人工流产 Abortions,No,n/a,n/a,n/a
0067,西洞头村志,计划生育参与率 Family Planning Program Participation Rate (%),No,n/a,n/a,n/a
0040,金家坪村志,节育率 (%) Rate of Contraception (%),No,n/a,n/a,n/a
0040,金家坪村志,结扎总数 Total Number of Vasectomies and Tubal Ligations,No,n/a,n/a,n/a
0040,金家坪村志,人工流产 Abortions,No,n/a,n/a,n/a
0040,金家坪村志,领取独生子女证 (人数) Certified Commitment to One Child Policy (number of people),No,n/a,n/a,n/a
0040,金家坪村志,育龄妇女人口 Number of Women of Childbearing Age,No,n/a,n/a,n/a
0040,金家坪村志,男性结扎 Vasectomies,No,n/a,n/a,n/a
0040,金家坪村志,女性结扎 Tubal Ligations,No,n/a,n/a,n/a
0040,金家坪村志,上环 Use of Intrauterine Device (IUD),No,n/a,n/a,n/a
0040,金家坪村志,绝育手术 Sterilization Surgeries,No,n/a,n/a,n/a
0040,金家坪村志,计划生育参与率 Family Planning Program Participation Rate (%),No,n/a,n/a,n/a
0068,五河苗族村志,领取独生子女证 (人数) Certified Commitment to One Child Policy (number of people),No,n/a,n/a,n/a
0068,五河苗族村志,育龄妇女人口 Number of Women of Childbearing Age,No,n/a,n/a,n/a
0068,五河苗族村志,男性结扎 Vasectomies,No,n/a,n/a,n/a
0068,五河苗族村志,女性结扎 Tubal Ligations,No,n/a,n/a,n/a
0068,五河苗族村志,上环 Use of Intrauterine Device (IUD),No,n/a,n/a,n/a
0068,五河苗族村志,绝育手术 Sterilization Surgeries,No,n/a,n/a,n/a
0068,五河苗族村志,节育率 (%) Rate of Contraception (%),No,n/a,n/a,n/a
0068,五河苗族村志,结扎总数 Total Number of Vasectomies and Tubal Ligations,No,n/a,n/a,n/a
0068,五河苗族村志,人工流产 Abortions,No,n/a,n/a,n/a
0068,五河苗族村志,计划生育参与率 Family Planning Program Participation Rate (%),No,n/a,n/a,n/a
0069,五一村志,领取独生子女证 (人数) Certified Commitment to One Child Policy (number of people),No,n/a,n/a,n/a
0069,五一村志,育龄妇女人口 Number of Women of Childbearing Age,No,n/a,n/a,n/a
0069,五一村志,男性结扎 Vasectomies,No,n/a,n/a,n/a
0069,五一村志,女性结扎 Tubal Ligations,No,n/a,n/a,n/a
0069,五一村志,上环 Use of Intrauterine Device (IUD),No,n/a,n/a,n/a
0069,五一村志,绝育手术 Sterilization Surgeries,No,n/a,n/a,n/a
0069,五一村志,节育率 (%) Rate of Contraception (%),No,n/a,n/a,n/a
0069,五一村志,结扎总数 Total Number of Vasectomies and Tubal Ligations,No,n/a,n/a,n/a
0069,五一村志,人工流产 Abortions,No,n/a,n/a,n/a
0069,五一村志,计划生育参与率 Family Planning Program Participation Rate (%),No,n/a,n/a,n/a
0070,乌玉村志,领取独生子女证 (人数) Certified Commitment to One Child Policy (number of people),No,n/a,n/a,n/a
0070,乌玉村志,育龄妇女人口 Number of Women of Childbearing Age,No,n/a,n/a,n/a
0070,乌玉村志,男性结扎 Vasectomies,No,n/a,n/a,n/a
0070,乌玉村志,女性结扎 Tubal Ligations,No,n/a,n/a,n/a
0070,乌玉村志,上环 Use of Intrauterine Device (IUD),No,n/a,n/a,n/a
0070,乌玉村志,绝育手术 Sterilization Surgeries,No,n/a,n/a,n/a
0070,乌玉村志,节育率 (%) Rate of Contraception (%),No,n/a,n/a,n/a
0070,乌玉村志,结扎总数 Total Number of Vasectomies and Tubal Ligations,No,n/a,n/a,n/a
0070,乌玉村志,人工流产 Abortions,No,n/a,n/a,n/a
0070,乌玉村志,计划生育参与率 Family Planning Program Participation Rate (%),No,n/a,n/a,n/a
0066,四马台村志,领取独生子女证 (人数) Certified Commitment to One Child Policy (number of people),No,n/a,n/a,n/a
0066,四马台村志,育龄妇女人口 Number of Women of Childbearing Age,No,n/a,n/a,n/a
0066,四马台村志,男性结扎 Vasectomies,No,n/a,n/a,n/a
0066,四马台村志,女性结扎 Tubal Ligations,No,n/a,n/a,n/a
0066,四马台村志,上环 Use of Intrauterine Device (IUD),No,n/a,n/a,n/a
0066,四马台村志,绝育手术 Sterilization Surgeries,No,n/a,n/a,n/a
0066,四马台村志,节育率 (%) Rate of Contraception (%),No,n/a,n/a,n/a
0066,四马台村志,结扎总数 Total Number of Vasectomies and Tubal Ligations,No,n/a,n/a,n/a
0066,四马台村志,人工流产 Abortions,No,n/a,n/a,n/a
0066,四马台村志,计划生育参与率 Family Planning Program Participation Rate (%),No,n/a,n/a,n/a
0062,新华村志,领取独生子女证 (人数) Certified Commitment to One Child Policy (number of people),No,n/a,n/a,n/a
0062,新华村志,育龄妇女人口 Number of Women of Childbearing Age,No,n/a,n/a,n/a
0062,新华村志,男性结扎 Vasectomies,No,n/a,n/a,n/a
0062,新华村志,女性结扎 Tubal Ligations,No,n/a,n/a,n/a
0062,新华村志,上环 Use of Intrauterine Device (IUD),No,n/a,n/a,n/a
0062,新华村志,绝育手术 Sterilization Surgeries,No,n/a,n/a,n/a
0062,新华村志,节育率 (%) Rate of Contraception (%),No,n/a,n/a,n/a
0062,新华村志,结扎总数 Total Number of Vasectomies and Tubal Ligations,No,n/a,n/a,n/a
0062,新华村志,人工流产 Abortions,No,n/a,n/a,n/a
0062,新华村志,计划生育参与率 Family Planning Program Participation Rate (%),No,n/a,n/a,n/a
0071,前夹山村志,领取独生子女证 (人数) Certified Commitment to One Child Policy (number of people),No,n/a,n/a,n/a
0071,前夹山村志,育龄妇女人口 Number of Women of Childbearing Age,No,n/a,n/a,n/a
0071,前夹山村志,男性结扎 Vasectomies,No,n/a,n/a,n/a
0071,前夹山村志,女性结扎 Tubal Ligations,No,n/a,n/a,n/a
0071,前夹山村志,上环 Use of Intrauterine Device (IUD),No,n/a,n/a,n/a
0071,前夹山村志,绝育手术 Sterilization Surgeries,No,n/a,n/a,n/a
0071,前夹山村志,节育率 (%) Rate of Contraception (%),No,n/a,n/a,n/a
0071,前夹山村志,结扎总数 Total Number of Vasectomies and Tubal Ligations,No,n/a,n/a,n/a
0071,前夹山村志,人工流产 Abortions,No,n/a,n/a,n/a
0071,前夹山村志,计划生育参与率 Family Planning Program Participation Rate (%),No,n/a,n/a,n/a
0072,浦联村志,领取独生子女证 (人数) Certified Commitment to One Child Policy (number of people),No,n/a,n/a,n/a
0072,浦联村志,育龄妇女人口 Number of Women of Childbearing Age,No,n/a,n/a,n/a
0072,浦联村志,男性结扎 Vasectomies,No,n/a,n/a,n/a
0072,浦联村志,女性结扎 Tubal Ligations,No,n/a,n/a,n/a
0072,浦联村志,上环 Use of Intrauterine Device (IUD),Yes,1971,1993,787
0072,浦联村志,绝育手术 Sterilization Surgeries,Yes,1971,1993,560
0072,浦联村志,节育率 (%) Rate of Contraception (%),No,n/a,n/a,n/a
0072,浦联村志,结扎总数 Total Number of Vasectomies and Tubal Ligations,No,n/a,n/a,n/a
0072,浦联村志,人工流产 Abortions,Yes,1971,1993,675
0072,浦联村志,计划生育参与率 Family Planning Program Participation Rate (%),No,n/a,n/a,n/a
0074,上东廓村志,领取独生子女证 (人数) Certified Commitment to One Child Policy (number of people),No,n/a,n/a,n/a
0074,上东廓村志,育龄妇女人口 Number of Women of Childbearing Age,No,n/a,n/a,n/a
0074,上东廓村志,男性结扎 Vasectomies,No,n/a,n/a,n/a
0074,上东廓村志,女性结扎 Tubal Ligations,No,n/a,n/a,n/a
0074,上东廓村志,上环 Use of Intrauterine Device (IUD),No,n/a,n/a,n/a
0074,上东廓村志,绝育手术 Sterilization Surgeries,No,n/a,n/a,n/a
0074,上东廓村志,节育率 (%) Rate of Contraception (%),No,n/a,n/a,n/a
0074,上东廓村志,结扎总数 Total Number of Vasectomies and Tubal Ligations,No,n/a,n/a,n/a
0074,上东廓村志,人工流产 Abortions,No,n/a,n/a,n/a
0074,上东廓村志,计划生育参与率 Family Planning Program Participation Rate (%),No,n/a,n/a,n/a
0073,三元朱村志,领取独生子女证 (人数) Certified Commitment to One Child Policy (number of people),No,n/a,n/a,n/a
0073,三元朱村志,育龄妇女人口 Number of Women of Childbearing Age,No,n/a,n/a,n/a
0073,三元朱村志,男性结扎 Vasectomies,No,n/a,n/a,n/a
0073,三元朱村志,女性结扎 Tubal Ligations,No,n/a,n/a,n/a
0073,三元朱村志,上环 Use of Intrauterine Device (IUD),No,n/a,n/a,n/a
0073,三元朱村志,绝育手术 Sterilization Surgeries,No,n/a,n/a,n/a
0073,三元朱村志,节育率 (%) Rate of Contraception (%),No,n/a,n/a,n/a
0073,三元朱村志,结扎总数 Total Number of Vasectomies and Tubal Ligations,No,n/a,n/a,n/a
0073,三元朱村志,人工流产 Abortions,No,n/a,n/a,n/a
0073,三元朱村志,计划生育参与率 Family Planning Program Participation Rate (%),No,n/a,n/a,n/a
0076,沁水营村志,领取独生子女证 (人数) Certified Commitment to One Child Policy (number of people),No,n/a,n/a,n/a
0076,沁水营村志,育龄妇女人口 Number of Women of Childbearing Age,No,n/a,n/a,n/a
0076,沁水营村志,男性结扎 Vasectomies,No,n/a,n/a,n/a
0076,沁水营村志,女性结扎 Tubal Ligations,No,n/a,n/a,n/a
0076,沁水营村志,上环 Use of Intrauterine Device (IUD),No,n/a,n/a,n/a
0076,沁水营村志,绝育手术 Sterilization Surgeries,No,n/a,n/a,n/a
0076,沁水营村志,节育率 (%) Rate of Contraception (%),No,n/a,n/a,n/a
0076,沁水营村志,结扎总数 Total Number of Vasectomies and Tubal Ligations,No,n/a,n/a,n/a
0076,沁水营村志,人工流产 Abortions,No,n/a,n/a,n/a
0076,沁水营村志,计划生育参与率 Family Planning Program Participation Rate (%),No,n/a,n/a,n/a
0101,柳州·村志 : 柳城卷,领取独生子女证 (人数) Certified Commitment to One Child Policy (number of people),No,n/a,n/a,n/a
0101,柳州·村志 : 柳城卷,育龄妇女人口 Number of Women of Childbearing Age,No,n/a,n/a,n/a
0101,柳州·村志 : 柳城卷,男性结扎 Vasectomies,No,n/a,n/a,n/a
0101,柳州·村志 : 柳城卷,女性结扎 Tubal Ligations,No,n/a,n/a,n/a
0101,柳州·村志 : 柳城卷,上环 Use of Intrauterine Device (IUD),No,n/a,n/a,n/a
0101,柳州·村志 : 柳城卷,绝育手术 Sterilization Surgeries,No,n/a,n/a,n/a
0101,柳州·村志 : 柳城卷,节育率 (%) Rate of Contraception (%),No,n/a,n/a,n/a
0101,柳州·村志 : 柳城卷,结扎总数 Total Number of Vasectomies and Tubal Ligations,No,n/a,n/a,n/a
0101,柳州·村志 : 柳城卷,人工流产 Abortions,No,n/a,n/a,n/a
0101,柳州·村志 : 柳城卷,计划生育参与率 Family Planning Program Participation Rate (%),No,n/a,n/a,n/a
0102,柳州·村志 : 柳城卷,领取独生子女证 (人数) Certified Commitment to One Child Policy (number of people),No,n/a,n/a,n/a
0102,柳州·村志 : 柳城卷,育龄妇女人口 Number of Women of Childbearing Age,No,n/a,n/a,n/a
0102,柳州·村志 : 柳城卷,男性结扎 Vasectomies,No,n/a,n/a,n/a
0102,柳州·村志 : 柳城卷,女性结扎 Tubal Ligations,No,n/a,n/a,n/a
0102,柳州·村志 : 柳城卷,上环 Use of Intrauterine Device (IUD),No,n/a,n/a,n/a
0102,柳州·村志 : 柳城卷,绝育手术 Sterilization Surgeries,No,n/a,n/a,n/a
0102,柳州·村志 : 柳城卷,节育率 (%) Rate of Contraception (%),No,n/a,n/a,n/a
0102,柳州·村志 : 柳城卷,结扎总数 Total Number of Vasectomies and Tubal Ligations,No,n/a,n/a,n/a
0102,柳州·村志 : 柳城卷,人工流产 Abortions,No,n/a,n/a,n/a
0102,柳州·村志 : 柳城卷,计划生育参与率 Family Planning Program Participation Rate (%),No,n/a,n/a,n/a
0103,柳州·村志 : 柳城卷,领取独生子女证 (人数) Certified Commitment to One Child Policy (number of people),No,n/a,n/a,n/a
0103,柳州·村志 : 柳城卷,育龄妇女人口 Number of Women of Childbearing Age,No,n/a,n/a,n/a
0103,柳州·村志 : 柳城卷,男性结扎 Vasectomies,No,n/a,n/a,n/a
0103,柳州·村志 : 柳城卷,女性结扎 Tubal Ligations,No,n/a,n/a,n/a
0103,柳州·村志 : 柳城卷,上环 Use of Intrauterine Device (IUD),No,n/a,n/a,n/a
0103,柳州·村志 : 柳城卷,绝育手术 Sterilization Surgeries,No,n/a,n/a,n/a
0103,柳州·村志 : 柳城卷,节育率 (%) Rate of Contraception (%),No,n/a,n/a,n/a
0103,柳州·村志 : 柳城卷,结扎总数 Total Number of Vasectomies and Tubal Ligations,No,n/a,n/a,n/a
0103,柳州·村志 : 柳城卷,人工流产 Abortions,No,n/a,n/a,n/a
0103,柳州·村志 : 柳城卷,计划生育参与率 Family Planning Program Participation Rate (%),No,n/a,n/a,n/a
0104,柳州·村志 : 柳城卷,领取独生子女证 (人数) Certified Commitment to One Child Policy (number of people),No,n/a,n/a,n/a
0104,柳州·村志 : 柳城卷,育龄妇女人口 Number of Women of Childbearing Age,No,n/a,n/a,n/a
0104,柳州·村志 : 柳城卷,男性结扎 Vasectomies,No,n/a,n/a,n/a
0104,柳州·村志 : 柳城卷,女性结扎 Tubal Ligations,No,n/a,n/a,n/a
0104,柳州·村志 : 柳城卷,上环 Use of Intrauterine Device (IUD),No,n/a,n/a,n/a
0104,柳州·村志 : 柳城卷,绝育手术 Sterilization Surgeries,No,n/a,n/a,n/a
0104,柳州·村志 : 柳城卷,节育率 (%) Rate of Contraception (%),No,n/a,n/a,n/a
0104,柳州·村志 : 柳城卷,结扎总数 Total Number of Vasectomies and Tubal Ligations,No,n/a,n/a,n/a
0104,柳州·村志 : 柳城卷,人工流产 Abortions,No,n/a,n/a,n/a
0104,柳州·村志 : 柳城卷,计划生育参与率 Family Planning Program Participation Rate (%),No,n/a,n/a,n/a
0105,柳州·村志 : 柳城卷,领取独生子女证 (人数) Certified Commitment to One Child Policy (number of people),No,n/a,n/a,n/a
0105,柳州·村志 : 柳城卷,育龄妇女人口 Number of Women of Childbearing Age,No,n/a,n/a,n/a
0105,柳州·村志 : 柳城卷,男性结扎 Vasectomies,No,n/a,n/a,n/a
0105,柳州·村志 : 柳城卷,女性结扎 Tubal Ligations,No,n/a,n/a,n/a
0105,柳州·村志 : 柳城卷,上环 Use of Intrauterine Device (IUD),No,n/a,n/a,n/a
0105,柳州·村志 : 柳城卷,绝育手术 Sterilization Surgeries,No,n/a,n/a,n/a
0105,柳州·村志 : 柳城卷,节育率 (%) Rate of Contraception (%),No,n/a,n/a,n/a
0105,柳州·村志 : 柳城卷,结扎总数 Total Number of Vasectomies and Tubal Ligations,No,n/a,n/a,n/a
0105,柳州·村志 : 柳城卷,人工流产 Abortions,No,n/a,n/a,n/a
0105,柳州·村志 : 柳城卷,计划生育参与率 Family Planning Program Participation Rate (%),No,n/a,n/a,n/a
0075,琴湖村志,领取独生子女证 (人数) Certified Commitment to One Child Policy (number of people),No,n/a,n/a,n/a
0075,琴湖村志,育龄妇女人口 Number of Women of Childbearing Age,No,n/a,n/a,n/a
0075,琴湖村志,男性结扎 Vasectomies,No,n/a,n/a,n/a
0075,琴湖村志,女性结扎 Tubal Ligations,No,n/a,n/a,n/a
0075,琴湖村志,上环 Use of Intrauterine Device (IUD),No,n/a,n/a,n/a
0075,琴湖村志,绝育手术 Sterilization Surgeries,No,n/a,n/a,n/a
0075,琴湖村志,节育率 (%) Rate of Contraception (%),No,n/a,n/a,n/a
0075,琴湖村志,结扎总数 Total Number of Vasectomies and Tubal Ligations,No,n/a,n/a,n/a
0075,琴湖村志,人工流产 Abortions,No,n/a,n/a,n/a
0075,琴湖村志,计划生育参与率 Family Planning Program Participation Rate (%),No,n/a,n/a,n/a
0077,三洋村志,领取独生子女证 (人数) Certified Commitment to One Child Policy (number of people),No,n/a,n/a,n/a
0077,三洋村志,育龄妇女人口 Number of Women of Childbearing Age,No,n/a,n/a,n/a
0077,三洋村志,男性结扎 Vasectomies,No,n/a,n/a,n/a
0077,三洋村志,女性结扎 Tubal Ligations,No,n/a,n/a,n/a
0077,三洋村志,上环 Use of Intrauterine Device (IUD),No,n/a,n/a,n/a
0077,三洋村志,绝育手术 Sterilization Surgeries,No,n/a,n/a,n/a
0077,三洋村志,节育率 (%) Rate of Contraception (%),No,n/a,n/a,n/a
0077,三洋村志,结扎总数 Total Number of Vasectomies and Tubal Ligations,No,n/a,n/a,n/a
0077,三洋村志,人工流产 Abortions,No,n/a,n/a,n/a
0077,三洋村志,计划生育参与率 Family Planning Program Participation Rate (%),No,n/a,n/a,n/a
0065,仙台村村志,领取独生子女证 (人数) Certified Commitment to One Child Policy (number of people),No,n/a,n/a,n/a
0065,仙台村村志,育龄妇女人口 Number of Women of Childbearing Age,No,n/a,n/a,n/a
0065,仙台村村志,男性结扎 Vasectomies,No,n/a,n/a,n/a
0065,仙台村村志,女性结扎 Tubal Ligations,No,n/a,n/a,n/a
0065,仙台村村志,上环 Use of Intrauterine Device (IUD),No,n/a,n/a,n/a
0065,仙台村村志,绝育手术 Sterilization Surgeries,No,n/a,n/a,n/a
0065,仙台村村志,节育率 (%) Rate of Contraception (%),No,n/a,n/a,n/a
0065,仙台村村志,结扎总数 Total Number of Vasectomies and Tubal Ligations,No,n/a,n/a,n/a
0065,仙台村村志,人工流产 Abortions,No,n/a,n/a,n/a
0065,仙台村村志,计划生育参与率 Family Planning Program Participation Rate (%),No,n/a,n/a,n/a
0079,坦头村志,领取独生子女证 (人数) Certified Commitment to One Child Policy (number of people),No,n/a,n/a,n/a
0079,坦头村志,育龄妇女人口 Number of Women of Childbearing Age,No,n/a,n/a,n/a
0079,坦头村志,男性结扎 Vasectomies,No,n/a,n/a,n/a
0079,坦头村志,女性结扎 Tubal Ligations,No,n/a,n/a,n/a
0079,坦头村志,上环 Use of Intrauterine Device (IUD),No,n/a,n/a,n/a
0079,坦头村志,绝育手术 Sterilization Surgeries,No,n/a,n/a,n/a
0079,坦头村志,节育率 (%) Rate of Contraception (%),No,n/a,n/a,n/a
0079,坦头村志,结扎总数 Total Number of Vasectomies and Tubal Ligations,No,n/a,n/a,n/a
0079,坦头村志,人工流产 Abortions,No,n/a,n/a,n/a
0079,坦头村志,计划生育参与率 Family Planning Program Participation Rate (%),No,n/a,n/a,n/a
0082,北良侯村志,领取独生子女证 (人数) Certified Commitment to One Child Policy (number of people),No,n/a,n/a,n/a
0082,北良侯村志,育龄妇女人口 Number of Women of Childbearing Age,No,n/a,n/a,n/a
0082,北良侯村志,男性结扎 Vasectomies,No,n/a,n/a,n/a
0082,北良侯村志,女性结扎 Tubal Ligations,No,n/a,n/a,n/a
0082,北良侯村志,上环 Use of Intrauterine Device (IUD),No,n/a,n/a,n/a
0082,北良侯村志,绝育手术 Sterilization Surgeries,No,n/a,n/a,n/a
0082,北良侯村志,节育率 (%) Rate of Contraception (%),No,n/a,n/a,n/a
0082,北良侯村志,结扎总数 Total Number of Vasectomies and Tubal Ligations,No,n/a,n/a,n/a
0082,北良侯村志,人工流产 Abortions,No,n/a,n/a,n/a
0082,北良侯村志,计划生育参与率 Family Planning Program Participation Rate (%),No,n/a,n/a,n/a
0081,北仪仙村志,领取独生子女证 (人数) Certified Commitment to One Child Policy (number of people),No,n/a,n/a,n/a
0081,北仪仙村志,育龄妇女人口 Number of Women of Childbearing Age,No,n/a,n/a,n/a
0081,北仪仙村志,男性结扎 Vasectomies,Yes,1978,1979,230
0081,北仪仙村志,男性结扎 Vasectomies,Yes,1980,1984,153
0081,北仪仙村志,女性结扎 Tubal Ligations,Yes,1980,1984,39
0081,北仪仙村志,上环 Use of Intrauterine Device (IUD),No,n/a,n/a,n/a
0081,北仪仙村志,绝育手术 Sterilization Surgeries,No,n/a,n/a,n/a
0081,北仪仙村志,节育率 (%) Rate of Contraception (%),No,n/a,n/a,n/a
0081,北仪仙村志,结扎总数 Total Number of Vasectomies and Tubal Ligations,No,n/a,n/a,n/a
0081,北仪仙村志,人工流产 Abortions,No,n/a,n/a,n/a
0081,北仪仙村志,计划生育参与率 Family Planning Program Participation Rate (%),No,n/a,n/a,n/a
0083,柏沟村志,领取独生子女证 (人数) Certified Commitment to One Child Policy (number of people),No,n/a,n/a,n/a
0083,柏沟村志,育龄妇女人口 Number of Women of Childbearing Age,No,n/a,n/a,n/a
0083,柏沟村志,男性结扎 Vasectomies,No,n/a,n/a,n/a
0083,柏沟村志,女性结扎 Tubal Ligations,No,n/a,n/a,n/a
0083,柏沟村志,上环 Use of Intrauterine Device (IUD),No,n/a,n/a,n/a
0083,柏沟村志,绝育手术 Sterilization Surgeries,No,n/a,n/a,n/a
0083,柏沟村志,节育率 (%) Rate of Contraception (%),No,n/a,n/a,n/a
0083,柏沟村志,结扎总数 Total Number of Vasectomies and Tubal Ligations,Yes,1987,1994,44
0083,柏沟村志,人工流产 Abortions,Yes,1987,1994,23
0083,柏沟村志,计划生育参与率 Family Planning Program Participation Rate (%),No,n/a,n/a,n/a
0086,"石[kuan, 九+隹]村志",领取独生子女证 (人数) Certified Commitment to One Child Policy (number of people),No,n/a,n/a,n/a
0086,"石[kuan, 九+隹]村志",育龄妇女人口 Number of Women of Childbearing Age,No,n/a,n/a,n/a
0086,"石[kuan, 九+隹]村志",男性结扎 Vasectomies,No,n/a,n/a,n/a
0086,"石[kuan, 九+隹]村志",女性结扎 Tubal Ligations,No,n/a,n/a,n/a
0086,"石[kuan, 九+隹]村志",上环 Use of Intrauterine Device (IUD),No,n/a,n/a,n/a
0086,"石[kuan, 九+隹]村志",绝育手术 Sterilization Surgeries,No,n/a,n/a,n/a
0086,"石[kuan, 九+隹]村志",节育率 (%) Rate of Contraception (%),No,n/a,n/a,n/a
0086,"石[kuan, 九+隹]村志",结扎总数 Total Number of Vasectomies and Tubal Ligations,No,n/a,n/a,n/a
0086,"石[kuan, 九+隹]村志",人工流产 Abortions,No,n/a,n/a,n/a
0086,"石[kuan, 九+隹]村志",计划生育参与率 Family Planning Program Participation Rate (%),No,n/a,n/a,n/a
0080,新店村志,领取独生子女证 (人数) Certified Commitment to One Child Policy (number of people),No,n/a,n/a,n/a
0080,新店村志,育龄妇女人口 Number of Women of Childbearing Age,No,n/a,n/a,n/a
0080,新店村志,男性结扎 Vasectomies,No,n/a,n/a,n/a
0080,新店村志,女性结扎 Tubal Ligations,No,n/a,n/a,n/a
0080,新店村志,绝育手术 Sterilization Surgeries,No,n/a,n/a,n/a
0080,新店村志,人工流产 Abortions,No,n/a,n/a,n/a
0080,新店村志,上环 Use of Intrauterine Device (IUD),Yes,1970,2006,62
0080,新店村志,结扎总数 Total Number of Vasectomies and Tubal Ligations,Yes,1970,2006,258
0080,新店村志,节育率 (%) Rate of Contraception (%),No,n/a,n/a,n/a
0080,新店村志,计划生育参与率 Family Planning Program Participation Rate (%),No,n/a,n/a,n/a
0106,柳州·村志 : 柳城卷,领取独生子女证 (人数) Certified Commitment to One Child Policy (number of people),No,n/a,n/a,n/a
0106,柳州·村志 : 柳城卷,育龄妇女人口 Number of Women of Childbearing Age,No,n/a,n/a,n/a
0106,柳州·村志 : 柳城卷,男性结扎 Vasectomies,No,n/a,n/a,n/a
0106,柳州·村志 : 柳城卷,女性结扎 Tubal Ligations,No,n/a,n/a,n/a
0106,柳州·村志 : 柳城卷,上环 Use of Intrauterine Device (IUD),No,n/a,n/a,n/a
0106,柳州·村志 : 柳城卷,绝育手术 Sterilization Surgeries,No,n/a,n/a,n/a
0106,柳州·村志 : 柳城卷,节育率 (%) Rate of Contraception (%),No,n/a,n/a,n/a
0106,柳州·村志 : 柳城卷,结扎总数 Total Number of Vasectomies and Tubal Ligations,No,n/a,n/a,n/a
0106,柳州·村志 : 柳城卷,人工流产 Abortions,No,n/a,n/a,n/a
0106,柳州·村志 : 柳城卷,计划生育参与率 Family Planning Program Participation Rate (%),No,n/a,n/a,n/a
0107,柳州·村志 : 柳城卷,领取独生子女证 (人数) Certified Commitment to One Child Policy (number of people),No,n/a,n/a,n/a
0107,柳州·村志 : 柳城卷,育龄妇女人口 Number of Women of Childbearing Age,No,n/a,n/a,n/a
0107,柳州·村志 : 柳城卷,男性结扎 Vasectomies,No,n/a,n/a,n/a
0107,柳州·村志 : 柳城卷,女性结扎 Tubal Ligations,No,n/a,n/a,n/a
0107,柳州·村志 : 柳城卷,上环 Use of Intrauterine Device (IUD),No,n/a,n/a,n/a
0107,柳州·村志 : 柳城卷,绝育手术 Sterilization Surgeries,No,n/a,n/a,n/a
0107,柳州·村志 : 柳城卷,节育率 (%) Rate of Contraception (%),No,n/a,n/a,n/a
0107,柳州·村志 : 柳城卷,结扎总数 Total Number of Vasectomies and Tubal Ligations,No,n/a,n/a,n/a
0107,柳州·村志 : 柳城卷,人工流产 Abortions,No,n/a,n/a,n/a
0107,柳州·村志 : 柳城卷,计划生育参与率 Family Planning Program Participation Rate (%),No,n/a,n/a,n/a
0108,柳州·村志 : 柳城卷,领取独生子女证 (人数) Certified Commitment to One Child Policy (number of people),No,n/a,n/a,n/a
0108,柳州·村志 : 柳城卷,育龄妇女人口 Number of Women of Childbearing Age,No,n/a,n/a,n/a
0108,柳州·村志 : 柳城卷,男性结扎 Vasectomies,No,n/a,n/a,n/a
0108,柳州·村志 : 柳城卷,女性结扎 Tubal Ligations,No,n/a,n/a,n/a
0108,柳州·村志 : 柳城卷,上环 Use of Intrauterine Device (IUD),No,n/a,n/a,n/a
0108,柳州·村志 : 柳城卷,绝育手术 Sterilization Surgeries,No,n/a,n/a,n/a
0108,柳州·村志 : 柳城卷,节育率 (%) Rate of Contraception (%),No,n/a,n/a,n/a
0108,柳州·村志 : 柳城卷,结扎总数 Total Number of Vasectomies and Tubal Ligations,No,n/a,n/a,n/a
0108,柳州·村志 : 柳城卷,人工流产 Abortions,No,n/a,n/a,n/a
0108,柳州·村志 : 柳城卷,计划生育参与率 Family Planning Program Participation Rate (%),No,n/a,n/a,n/a
0109,柳州·村志 : 柳城卷,节育率 (%) Rate of Contraception (%),No,n/a,n/a,n/a
0109,柳州·村志 : 柳城卷,领取独生子女证 (人数) Certified Commitment to One Child Policy (number of people),No,n/a,n/a,n/a
0109,柳州·村志 : 柳城卷,育龄妇女人口 Number of Women of Childbearing Age,No,n/a,n/a,n/a
0109,柳州·村志 : 柳城卷,男性结扎 Vasectomies,No,n/a,n/a,n/a
0109,柳州·村志 : 柳城卷,女性结扎 Tubal Ligations,No,n/a,n/a,n/a
0109,柳州·村志 : 柳城卷,上环 Use of Intrauterine Device (IUD),No,n/a,n/a,n/a
0109,柳州·村志 : 柳城卷,绝育手术 Sterilization Surgeries,No,n/a,n/a,n/a
0109,柳州·村志 : 柳城卷,结扎总数 Total Number of Vasectomies and Tubal Ligations,No,n/a,n/a,n/a
0109,柳州·村志 : 柳城卷,人工流产 Abortions,No,n/a,n/a,n/a
0109,柳州·村志 : 柳城卷,计划生育参与率 Family Planning Program Participation Rate (%),No,n/a,n/a,n/a
0085,马鼻方志,领取独生子女证 (人数) Certified Commitment to One Child Policy (number of people),No,n/a,n/a,n/a
0085,马鼻方志,育龄妇女人口 Number of Women of Childbearing Age,No,n/a,n/a,n/a
0085,马鼻方志,男性结扎 Vasectomies,No,n/a,n/a,n/a
0085,马鼻方志,女性结扎 Tubal Ligations,No,n/a,n/a,n/a
0085,马鼻方志,上环 Use of Intrauterine Device (IUD),No,n/a,n/a,n/a
0085,马鼻方志,绝育手术 Sterilization Surgeries,No,n/a,n/a,n/a
0085,马鼻方志,节育率 (%) Rate of Contraception (%),No,n/a,n/a,n/a
0085,马鼻方志,结扎总数 Total Number of Vasectomies and Tubal Ligations,No,n/a,n/a,n/a
0085,马鼻方志,人工流产 Abortions,No,n/a,n/a,n/a
0085,马鼻方志,计划生育参与率 Family Planning Program Participation Rate (%),No,n/a,n/a,n/a
0110,柳州·村志 : 柳城卷,领取独生子女证 (人数) Certified Commitment to One Child Policy (number of people),No,n/a,n/a,n/a
0110,柳州·村志 : 柳城卷,育龄妇女人口 Number of Women of Childbearing Age,No,n/a,n/a,n/a
0110,柳州·村志 : 柳城卷,男性结扎 Vasectomies,No,n/a,n/a,n/a
0110,柳州·村志 : 柳城卷,女性结扎 Tubal Ligations,No,n/a,n/a,n/a
0110,柳州·村志 : 柳城卷,上环 Use of Intrauterine Device (IUD),No,n/a,n/a,n/a
0110,柳州·村志 : 柳城卷,绝育手术 Sterilization Surgeries,No,n/a,n/a,n/a
0110,柳州·村志 : 柳城卷,节育率 (%) Rate of Contraception (%),No,n/a,n/a,n/a
0110,柳州·村志 : 柳城卷,结扎总数 Total Number of Vasectomies and Tubal Ligations,No,n/a,n/a,n/a
0110,柳州·村志 : 柳城卷,人工流产 Abortions,No,n/a,n/a,n/a
0110,柳州·村志 : 柳城卷,计划生育参与率 Family Planning Program Participation Rate (%),No,n/a,n/a,n/a
0111,柳州·村志 : 柳城卷,领取独生子女证 (人数) Certified Commitment to One Child Policy (number of people),No,n/a,n/a,n/a
0111,柳州·村志 : 柳城卷,育龄妇女人口 Number of Women of Childbearing Age,No,n/a,n/a,n/a
0111,柳州·村志 : 柳城卷,男性结扎 Vasectomies,No,n/a,n/a,n/a
0111,柳州·村志 : 柳城卷,女性结扎 Tubal Ligations,No,n/a,n/a,n/a
0111,柳州·村志 : 柳城卷,上环 Use of Intrauterine Device (IUD),No,n/a,n/a,n/a
0111,柳州·村志 : 柳城卷,绝育手术 Sterilization Surgeries,No,n/a,n/a,n/a
0111,柳州·村志 : 柳城卷,节育率 (%) Rate of Contraception (%),No,n/a,n/a,n/a
0111,柳州·村志 : 柳城卷,结扎总数 Total Number of Vasectomies and Tubal Ligations,No,n/a,n/a,n/a
0111,柳州·村志 : 柳城卷,人工流产 Abortions,No,n/a,n/a,n/a
0111,柳州·村志 : 柳城卷,计划生育参与率 Family Planning Program Participation Rate (%),No,n/a,n/a,n/a
0088,传字营村志,领取独生子女证 (人数) Certified Commitment to One Child Policy (number of people),No,n/a,n/a,n/a
0088,传字营村志,育龄妇女人口 Number of Women of Childbearing Age,No,n/a,n/a,n/a
0088,传字营村志,男性结扎 Vasectomies,No,n/a,n/a,n/a
0088,传字营村志,女性结扎 Tubal Ligations,No,n/a,n/a,n/a
0088,传字营村志,上环 Use of Intrauterine Device (IUD),No,n/a,n/a,n/a
0088,传字营村志,绝育手术 Sterilization Surgeries,No,n/a,n/a,n/a
0088,传字营村志,节育率 (%) Rate of Contraception (%),No,n/a,n/a,n/a
0088,传字营村志,结扎总数 Total Number of Vasectomies and Tubal Ligations,No,n/a,n/a,n/a
0088,传字营村志,人工流产 Abortions,No,n/a,n/a,n/a
0088,传字营村志,计划生育参与率 Family Planning Program Participation Rate (%),No,n/a,n/a,n/a
0084,三力村志,领取独生子女证 (人数) Certified Commitment to One Child Policy (number of people),No,n/a,n/a,n/a
0084,三力村志,育龄妇女人口 Number of Women of Childbearing Age,No,n/a,n/a,n/a
0084,三力村志,男性结扎 Vasectomies,No,n/a,n/a,n/a
0084,三力村志,女性结扎 Tubal Ligations,No,n/a,n/a,n/a
0084,三力村志,上环 Use of Intrauterine Device (IUD),No,n/a,n/a,n/a
0084,三力村志,绝育手术 Sterilization Surgeries,No,n/a,n/a,n/a
0084,三力村志,节育率 (%) Rate of Contraception (%),No,n/a,n/a,n/a
0084,三力村志,结扎总数 Total Number of Vasectomies and Tubal Ligations,No,n/a,n/a,n/a
0084,三力村志,人工流产 Abortions,No,n/a,n/a,n/a
0084,三力村志,计划生育参与率 Family Planning Program Participation Rate (%),No,n/a,n/a,n/a
0112,柳州·村志 : 柳城卷,领取独生子女证 (人数) Certified Commitment to One Child Policy (number of people),No,n/a,n/a,n/a
0112,柳州·村志 : 柳城卷,育龄妇女人口 Number of Women of Childbearing Age,No,n/a,n/a,n/a
0112,柳州·村志 : 柳城卷,男性结扎 Vasectomies,No,n/a,n/a,n/a
0112,柳州·村志 : 柳城卷,女性结扎 Tubal Ligations,No,n/a,n/a,n/a
0112,柳州·村志 : 柳城卷,上环 Use of Intrauterine Device (IUD),No,n/a,n/a,n/a
0112,柳州·村志 : 柳城卷,绝育手术 Sterilization Surgeries,No,n/a,n/a,n/a
0112,柳州·村志 : 柳城卷,节育率 (%) Rate of Contraception (%),No,n/a,n/a,n/a
0112,柳州·村志 : 柳城卷,结扎总数 Total Number of Vasectomies and Tubal Ligations,No,n/a,n/a,n/a
0112,柳州·村志 : 柳城卷,人工流产 Abortions,No,n/a,n/a,n/a
0112,柳州·村志 : 柳城卷,计划生育参与率 Family Planning Program Participation Rate (%),No,n/a,n/a,n/a
0087,坦头村志,领取独生子女证 (人数) Certified Commitment to One Child Policy (number of people),No,n/a,n/a,n/a
0087,坦头村志,育龄妇女人口 Number of Women of Childbearing Age,No,n/a,n/a,n/a
0087,坦头村志,男性结扎 Vasectomies,No,n/a,n/a,n/a
0087,坦头村志,女性结扎 Tubal Ligations,No,n/a,n/a,n/a
0087,坦头村志,上环 Use of Intrauterine Device (IUD),No,n/a,n/a,n/a
0087,坦头村志,绝育手术 Sterilization Surgeries,No,n/a,n/a,n/a
0087,坦头村志,节育率 (%) Rate of Contraception (%),No,n/a,n/a,n/a
0087,坦头村志,结扎总数 Total Number of Vasectomies and Tubal Ligations,No,n/a,n/a,n/a
0087,坦头村志,人工流产 Abortions,No,n/a,n/a,n/a
0087,坦头村志,计划生育参与率 Family Planning Program Participation Rate (%),No,n/a,n/a,n/a
0089,新立村志,领取独生子女证 (人数) Certified Commitment to One Child Policy (number of people),No,n/a,n/a,n/a
0089,新立村志,育龄妇女人口 Number of Women of Childbearing Age,No,n/a,n/a,n/a
0089,新立村志,男性结扎 Vasectomies,No,n/a,n/a,n/a
0089,新立村志,女性结扎 Tubal Ligations,No,n/a,n/a,n/a
0089,新立村志,上环 Use of Intrauterine Device (IUD),No,n/a,n/a,n/a
0089,新立村志,绝育手术 Sterilization Surgeries,No,n/a,n/a,n/a
0089,新立村志,节育率 (%) Rate of Contraception (%),No,n/a,n/a,n/a
0089,新立村志,结扎总数 Total Number of Vasectomies and Tubal Ligations,No,n/a,n/a,n/a
0089,新立村志,人工流产 Abortions,No,n/a,n/a,n/a
0089,新立村志,计划生育参与率 Family Planning Program Participation Rate (%),No,n/a,n/a,n/a
0091,福保村志,领取独生子女证 (人数) Certified Commitment to One Child Policy (number of people),No,n/a,n/a,n/a
0091,福保村志,育龄妇女人口 Number of Women of Childbearing Age,Yes,1989,1999,662
0091,福保村志,男性结扎 Vasectomies,No,n/a,n/a,n/a
0091,福保村志,女性结扎 Tubal Ligations,No,n/a,n/a,n/a
0091,福保村志,上环 Use of Intrauterine Device (IUD),No,n/a,n/a,n/a
0091,福保村志,绝育手术 Sterilization Surgeries,No,n/a,n/a,n/a
0091,福保村志,结扎总数 Total Number of Vasectomies and Tubal Ligations,No,n/a,n/a,n/a
0091,福保村志,节育率 (%) Rate of Contraception (%),No,n/a,n/a,n/a
0091,福保村志,人工流产 Abortions,No,n/a,n/a,n/a
0091,福保村志,计划生育参与率 Family Planning Program Participation Rate (%),No,n/a,n/a,n/a
0090,高山村志,领取独生子女证 (人数) Certified Commitment to One Child Policy (number of people),No,n/a,n/a,n/a
0090,高山村志,育龄妇女人口 Number of Women of Childbearing Age,No,n/a,n/a,n/a
0090,高山村志,男性结扎 Vasectomies,No,n/a,n/a,n/a
0090,高山村志,女性结扎 Tubal Ligations,No,n/a,n/a,n/a
0090,高山村志,上环 Use of Intrauterine Device (IUD),No,n/a,n/a,n/a
0090,高山村志,绝育手术 Sterilization Surgeries,No,n/a,n/a,n/a
0090,高山村志,节育率 (%) Rate of Contraception (%),No,n/a,n/a,n/a
0090,高山村志,结扎总数 Total Number of Vasectomies and Tubal Ligations,No,n/a,n/a,n/a
0090,高山村志,人工流产 Abortions,No,n/a,n/a,n/a
0090,高山村志,计划生育参与率 Family Planning Program Participation Rate (%),No,n/a,n/a,n/a